contract_id,summary,termination_clause,confidentiality_clause,liability_clause
ArcGroupInc_20171211_8-K_EX-10.1_10976103_EX-10.1_Sponsorship Agreement.pdf,"**Section 1:**
The Jacksonville Jaguars sponsorship agreement grants The ARC Group, Inc. sponsorship rights and benefits, including stadium signage, radio spots, digital banner ads, and hospitality opportunities, in exchange for annual fees and food products valued at $216,490 and $37,890 respectively, with the term expiring on the later of the 2022/23 NFL season conclusion and February 28, 2023.","This Agreement may be terminated by either party upon written notice to the other, if the other party fails to perform or comply with any material term or condition of this Agreement, and such failure continues for a period of thirty (30) days after receipt of such notice. This Agreement may also be terminated by either party upon written notice to the other, if the other party shall make a general assignment for the benefit of creditors, or if a receiver or trustee shall be appointed for the other party or its property, or if the other party shall be adjudged bankrupt or insolvent, or if a court of competent jurisdiction shall enter an order for the relief of the other party under any applicable bankruptcy or insolvency law. This Agreement may also be terminated by either party upon written notice to the other, if the other party shall breach any representation or warranty made by it in this Agreement, and such breach shall continue for a period of thirty (30) days after receipt of such notice. This Agreement may also be terminated by either party upon written notice to the other, if the other party shall fail to pay any amount due under this Agreement, and such failure shall continue for a period of thirty (30) days after receipt of such notice. This Agreement may also be terminated by either party upon written notice to the other, if the other party shall fail to comply with any applicable law or regulation, and such failure shall continue for a period of thirty (30) days after receipt of such notice. This Agreement may also be terminated by either party upon written notice to the other, if the other party shall fail to comply with any applicable law or regulation, and such failure shall continue for a period of thirty (30) days after receipt of such notice. Upon termination of this Agreement, Sponsor shall immediately cease to use the Team Marks and the Official Designations, and shall return to Club all materials and equipment furnished to Sponsor by Club, and shall pay to Club all amounts due under this Agreement. Upon termination of this Agreement, Club shall immediately cease to provide the Benefits to Sponsor, and shall return to Sponsor all materials and equipment furnished to Sponsor by Club, and shall pay to Sponsor all amounts due under this Agreement. The termination of this Agreement shall be without prejudice to any rights or remedies which either party may have against the other, and shall not affect any obligations or liabilities of either party which have accrued prior to the date of termination. The termination of this Agreement shall be without prejudice to any rights or remedies which either party may have against the other, and shall not affect any obligations or liabilities of either party which have accrued prior to the date of termination.","CONFIDENTIALITY OBLIGATIONS

The parties agree that all information, data, and materials (collectively, the “Confidential Information”) disclosed by one party to the other in connection with this Agreement, including but not limited to the terms and conditions of this Agreement, the Sponsor Business, the Team, the Stadium, the Club, and the Sponsor, shall be kept confidential and shall not be disclosed to any third party without the prior written consent of the disclosing party. The Sponsor shall not disclose the Confidential Information to any of its employees, agents, or representatives without the prior written consent of the Club. The Sponsor shall use the Confidential Information solely for the purpose of exercising the rights and performing the obligations of the Sponsor under this Agreement.

NON-DISCLOSURE OBLIGATIONS

The Sponsor shall not disclose any information, data, or materials (collectively, the “Non-Public Information”) that is not publicly available and that is related to the Sponsor Business, the Team, the Stadium, the Club, or the Sponsor, including but not limited to financial information, business strategies, and marketing plans, without the prior written consent of the Club.

CONFIDENTIAL INFORMATION

For the purposes of this Agreement, “Confidential Information” means all information, data, and materials disclosed by one party to the other in connection with this Agreement, including but not limited to the terms and conditions of this Agreement, the Sponsor Business, the Team, the Stadium, the Club, and the Sponsor.

PROPRIETARY INFORMATION

The Sponsor acknowledges that the Confidential Information and the Non-Public Information are proprietary and confidential and that the Sponsor has no right, title, or interest in or to the Confidential Information and the Non-Public Information.

TRADE SECRETS

The Sponsor agrees to keep the Confidential Information and the Non-Public Information confidential and to use the Confidential Information and the Non-Public Information solely for the purpose of exercising the rights and performing the obligations of the Sponsor under this Agreement.

RESTRICTIONS ON USE OR DISCLOSURE

The Sponsor shall not use or disclose the Confidential Information or the Non-Public Information in any manner that would infringe on the rights of the Club or the Sponsor, including but not limited to using or disclosing the Confidential Information or the Non-Public Information for any commercial or business purpose.",NONE
ArcaUsTreasuryFund_20200207_N-2_EX-99.K5_11971930_EX-99.K5_Development Agreement.pdf,"**Section 1:**
The ARCA U.S. Treasury Fund engages ARCA Capital Management, LLC to provide blockchain administration and development services, including the issuance of ERC-1404 compatible digital securities and the on-going maintenance and administration of smart contracts. In consideration, the Fund pays ARCA Capital Management a fee of 0.20% of its average annual net assets, and the Fund bears all other costs and expenses. The agreement can be terminated with 60 days' written notice and has a two-year duration with automatic annual renewal subject to approval.","This Agreement may be terminated at any time, without the payment of any penalty, upon 60 days' written notice, by the vote of a majority of the outstanding voting securities of the Fund or by the vote of the Fund's Trustees or by the Blockchain Administrator. The provisions of Section 5 of this Agreement shall remain in full force and effect, and the Blockchain Administrator shall remain entitled to the benefits thereof, notwithstanding any termination of this Agreement.","The parties hereto agree that each shall treat confidentially the terms and conditions of this Agreement and all information provided by each party to the other regarding its business and operations. All confidential information provided by a party hereto, including nonpublic personal information (regulated pursuant to Regulation S-P), shall be used by any other party hereto solely for the purpose of rendering services pursuant to this Agreement and, except as may be required in carrying out this Agreement, shall not be disclosed to any third party, without the prior consent of such providing party. The foregoing shall not be applicable to any information that is publicly available when provided or thereafter becomes publicly available other than through a breach of this Agreement, or that is required to be disclosed by any regulatory authority, any authority or legal counsel of the parties hereto, by judicial or administrative process or otherwise by applicable law or regulation.","The Blockchain Administrator (and its officers, managers, partners, agents, employees, controlling persons, members and any other person or entity affiliated with the Blockchain Administrator) shall not be liable to the Fund for any action taken or omitted to be taken by the Blockchain Administrator in connection with the performance of any of its duties or obligations under this Agreement or otherwise as blockchain administrator of the Fund, and the Fund shall indemnify, defend and protect the Blockchain Administrator (and its officers, managers, partners, agents, employees, controlling persons, members and any other person or entity affiliated with the Blockchain Administrator) (collectively, the ""Indemnified Parties"") and hold them harmless from and against all damages, liabilities, costs and expenses (including reasonable attorneys' fees and amounts reasonably paid in settlement) incurred by the Indemnified Parties in or by reason of any pending, threatened or completed action, suit, investigation or other proceeding (including an action or suit by or in the right of the Fund or its security holders) arising out of or otherwise based upon the performance of any of the Blockchain Administrator's duties or obligations under this Agreement or otherwise as administrator of the Fund. Notwithstanding the preceding sentence of this Section 5 to the contrary, nothing contained herein shall protect or be deemed to protect the Indemnified Parties against or entitle or be deemed to entitle the Indemnified Parties to indemnification in respect of, any liability to the Fund or its security holders to which the Indemnified Parties would otherwise be subject by reason of criminal conduct, willful misfeasance, bad faith or gross negligence in the performance of the Blockchain Administrator's duties or by reason of the reckless disregard of the Blockchain Administrator's duties and obligations under this Agreement."
BravatekSolutionsInc_20170418_8-K_EX-10.1_10205739_EX-10.1_Reseller Agreement.pdf,"**Section 1:**
This Reseller Agreement between i3 Integrative Creative Solutions, LLC and Bravatek Solutions, Inc. outlines the terms for promoting and selling Bravatek's cybersecurity email software and telecom products to US Federal Government Civilian and Military agencies. The agreement grants the Reseller the right to solicit orders, use Bravatek's trademarks, and receive a Referral Fee of 25% of Net Revenue for Registered Referrals and Registered Opportunities. The agreement is renewable for a 1-year extension and may be terminated for non-cause with a 60-day written notice.",Either Party may terminate this agreement for non-cause with a sixty (60) written notice.,"11. Proprietary Rights. Each party acknowledges that, in the course of performing its duties under this Agreement, it may obtain from the other party, certain business, technical or financial information, all of which is confidential and proprietary (“Proprietary Information”). The parties shall, at all times, both during the term of this Agreement and after its termination, keep in trust and confidence all such Proprietary Information of the other party, and shall not use such Proprietary Information other than in the course of its duties as expressly provided in this Agreement; nor shall a party or its employees disclose any such Proprietary Information of the other to any person without such other party’s prior written consent. Neither party shall be bound by this Section with respect to information it can document has entered or later enters the public domain as a result of no act or omission of the receiving party, or is lawfully received by such party from third parties without restriction and without breach of any duty of nondisclosure by any such third party.","EXCEPT FOR IN THE EVENT OF WILLFUL MISCONDUCT OR GROSS NEGLIGENCE, THE RESELLER AND ITS AFFILIATES SHALL NOT BE LIABLE TO THE COMPANY, AND SHALL HAVE NO OBLIGATION TO INDEMNIFY OR HOLD HARMLESS THE COMPANY, WITH RESPECT TO OR IN CONNECTION WITH ANY LOSS RESULTING FROM OR CAUSED BY THE COMPANY PRODUCTS. 12. Liability Limitation."
CardlyticsInc_20180112_S-1_EX-10.16_11002987_EX-10.16_Maintenance Agreement3.pdf,"**Section 1:**
Cardlytics, Inc. and Bank of America, N.A. agree to amend their Software License, Customization, and Maintenance Agreement to include the Supplier Offer Placement System Software, with the terms and conditions of this addition described in the attached Schedule [A]. The parties acknowledge the incorporation of this Schedule into the original agreement, dated November 5, 2010, as amended. This amendment is effective as of March 3, 2011, and is understood and agreed to by both parties.",NONE,NONE,NONE
CcRealEstateIncomeFundadv_20181205_POS 8C_EX-99.(H)(3)_11447739_EX-99.(H)(3)_Marketing Agreement.pdf,"**Section 1:**
S2K Financial LLC, a Delaware limited liability company, retains ALPS Distributors, Inc. to introduce funds to registered representatives of broker-dealers and registered investment advisers at financial institutions. S2K agrees to market the funds through seminars, conferences, media interviews, and sales literature, subject to review and approval by ALPS. In exchange, ALPS may compensate S2K for services on a class-by-class basis, with payments facilitated by ALPS or its designated agent, and S2K shall reimburse ALPS for reasonable out-of-pocket expenses.

**Section 2:**
S2K Financial LLC and ALPS Distributors, Inc. enter into a wholesale marketing agreement for NorthStar Real Estate Capital Income Funds, with S2K responsible for producing marketing materials and ALPS facilitating dealer reallowance payments, subject to an 8.0% aggregate commission threshold.","The term of this Agreement shall commence on the Effective Date and shall end on the 60th day following a written notice from one party to the other of its decision to terminate this Agreement at the end of such 60-day period or upon termination of the applicable Distribution Agreement with respect to a Fund. Termination of this Agreement as to a Fund shall not terminate this Agreement with respect to any other Fund so long as such other Fund’s (or Funds’, as the case may be) Distribution Agreement is effective. If this Agreement is terminated by one party, it shall terminate the entire Agreement.","8. Confidentiality. (a) Each party to this Agreement shall safeguard and hold confidential from disclosure to unauthorized parties all Confidential Information (as defined below) of the other party or parties. For purposes of this Section 8, the term “Confidential Information” shall mean any and all information which is in any way connected with, derived from or related to the business of a party, including without limitation, any business and financial records, any retail or institutional customer information, computer programs, technical data, investment information, lists, compilations, compositions, programs, plans, devices, descriptions, drawings, methods, techniques, processes, designs, theories concepts or ideas, and any information relating to the pricing or marketing policies, suppliers or customers of a party. - 7 Source: CC REAL ESTATE INCOME FUND-ADV, POS 8C, 12/5/2018 (b) Confidential Information shall not include information to the extent such information is (i) already known to the receiving party free of any restriction at the time obtained, including information in the public domain; (ii) subsequently learned from an independent third party free of restriction; (iii) known through no wrongful act of any party; or (iv) independently developed by one party without reference to information which is confidential. (c) For purposes of this Section 8, only the officers, directors and employees and agents of the parties, including their respective accountants, auditors and attorneys, shall be authorized parties, provided those individuals have a “need to know” the Confidential Information that is consistent with their respective positions and legal obligations and responsibilities. In the event that one party (the “Disclosing Party”) is requested or required by a court of competent jurisdiction or by any regulatory body which regulates the conduct of the Disclosing Party to disclose any Confidential Information of another party (the “Non-Disclosing Party”), the Disclosing Party shall provide the Non-Disclosing Party with prompt notice of any such request or requirement so that the Non-Disclosing Party may seek a protective order or other appropriate remedy and/or waive compliance with the provisions of this Agreement. If, in the absence of a protective order or other remedy or the receipt of a waiver by the Non-Disclosing Party, the Disclosing Party is nonetheless, in the opinion of counsel, required to disclose Confidential Information, the Disclosing Party may, without liability hereunder, disclose only that portion of the Confidential Information which such counsel advises the Disclosing Party is required to be disclosed, provided that the Disclosing Party attempt to preserve the confidentiality of the Confidential Information, including, without limitation, by cooperating with the Non-Disclosing Party, at the Non-Disclosing Party’s expense, to obtain an appropriate protective order or other reliable assurance that confidential treatment will be accorded the Confidential Information. (d) Each party further acknowledges and agrees that, in the event of a breach by it of the provisions of this Section 8, the other party or parties will suffer irreparable harm and damages and, accordingly, shall be entitled to seek injunctive or other equitable relief in a court of competent jurisdiction. (e) The provisions of this Section 8 shall survive any termination of this Agreement.","7. Indemnification. (a) S2K shall indemnify and hold harmless the Distributor and each of its affiliates, officers, directors, employees, agents and control persons (as defined in Section 15 of the 1933 Act or Section 20 of the Securities Exchange Act of 1934, as amended (the “1934 Act”)), from and against any loss, liability, claim, damage or expense (including the reasonable cost of investigating or defending any alleged loss, liability, claim, damage or expense and reasonable counsel fees incurred in connection therewith), as incurred, arising in connection with (i) S2K’s violation of any of the provisions of this Agreement or (ii) S2K’s violation of any applicable law, rule or regulation with respect to its conduct under the Agreement; provided, however, that in no case is the foregoing indemnity to be deemed to protect the Distributor or any of its affiliates, officers, directors, employees, agents or control persons (as defined in Section 15 of the 1933 Act or Section 20 of the 1934 Act) against any liability to which the Distributor or any such person would otherwise be subject by reason of its willful misfeasance, bad faith or gross negligence or by reason of the Distributor’s reckless disregard of its obligations and duties under this Agreement. (b) The Distributor shall indemnify and hold harmless S2K and each of its affiliates, directors, officers, employees, agents and control persons (as defined in Section 15 of the 1933 Act or Section 20 of the 1934 Act), from and against any loss, liability, claim, damage or expense (including the reasonable cost of investigating or defending any alleged loss, liability, claim, damage or expense and reasonable counsel fees incurred in connection therewith), as incurred, arising in connection with (i) the Distributor’s violation of any of the provisions of this Agreement, (ii) the Distributor’s violation of any applicable law, rule or regulation with respect to its conduct under the Agreement, or (iii) any untrue statement of a material fact or any omission of a material fact necessary in order to make the statements made, in light of the circumstances under which they were made, not misleading in any advertising or promotional material published or provided by the Distributor to S2K; provided, however, that in no case is the foregoing indemnity to be deemed to protect S2K and its affiliates, directors, officers, employees, agents and control persons (as defined in Section 15 of the 1933 Act or Section 20 of the 1934 Act) against any liability to which S2K or any such person would otherwise be subject by reason of its willful misfeasance, bad faith or gross negligence or by reason of S2K’s reckless disregard of its obligations and duties under this Agreement."
ConformisInc_20191101_10-Q_EX-10.6_11861402_EX-10.6_Development Agreement.pdf,"**Section 1:**
Stryker and Conformis enter into a development agreement on September 30, 2019, where Conformis develops Patient-Specific Instrumentation to be used with Stryker's Off-The-Shelf Knee Implant, known as the KIB Product. Conformis is responsible for furnishing Stryker with Deliverables as defined in the R&D Work Plan, and Stryker has the opportunity to analyze and test each Deliverable for Acceptance. Stryker shall pay Conformis milestone payments for the development work upon meeting specific milestones, including Milestone #1 within thirty days of receiving the first Deliverable.

**Section 2:**
Stryker shall pay milestone payments to Conformis upon meeting specific development milestones, totaling $2 million and $3 million, respectively, with payments made by wire transfer. Conformis is prohibited from developing Patient-Specific Instrumentation for Off-The-Shelf Knee Implants for any third party until January 1, 2032. The parties will jointly own Intellectual Property rights arising from their collaboration, with Stryker responsible for preparing and filing patents for Improved Stryker Background IP and Conformis responsible for Improved Conformis Background IP.

**Section 3:**
This Agreement outlines the terms and conditions for the collaboration between Conformis and Stryker, including the development and delivery of certain products, with Conformis making no warranty regarding the services or deliverables furnished under this Agreement. The Parties agree to indemnify and hold harmless each other against claims arising from breaches of representations, warranties, or obligations, as well as alleged violations of Applicable Laws. The Agreement has a term that begins on the Effective Date and continues until the completion of certain milestones, unless terminated earlier due to dissolution, insolvency, or material breach.

**Section 4:**
This Agreement outlines the terms and conditions for a development partnership between Stryker and Conformis, governed by New York State law, with exclusive jurisdiction in the federal and state Courts of New York. In the event of a Force Majeure Event, obligations under the Agreement are suspended, and the affected Party may terminate the Agreement after a specified period. The Agreement may be amended or waived only in writing, and any breach of its terms does not automatically waive subsequent breaches.","This Agreement may be terminated by either Party as follows: (i) by either Party upon written notice to the other Party in the event of a material breach of any provision of this Agreement by the other Party, which breach remains uncured for a period of thirty (30) days after receipt of written notice thereof; (ii) by either Party upon written notice to the other Party in the event of a change in control of the other Party, which change in control is not approved by the terminating Party; (iii) by either Party upon written notice to the other Party in the event of a material change in the ownership or control of the other Party, which change is not approved by the terminating Party; (iv) by either Party upon written notice to the other Party in the event of a material change in the business or operations of the other Party, which change is not approved by the terminating Party; (v) by either Party upon written notice to the other Party in the event of a material change in the laws or regulations of the jurisdiction in which the other Party operates, which change is not approved by the terminating Party; (vi) by either Party upon written notice to the other Party in the event of a material change in the financial condition of the other Party, which change is not approved by the terminating Party; (vii) by either Party upon written notice to the other Party in the event of a material change in the management or personnel of the other Party, which change is not approved by the terminating Party; (viii) by either Party upon written notice to the other Party in the event of a material change in the business or operations of the other Party, which change is not approved by the terminating Party; (ix) by either Party upon written notice to the other Party in the event of a material change in the laws or regulations of the jurisdiction in which the other Party operates, which change is not approved by the terminating Party; (x) by either Party upon written notice to the other Party in the event of a material change in the financial condition of the other Party, which change is not approved by the terminating Party; (xi) by either Party upon written notice to the other Party in the event of a material change in the management or personnel of the other Party, which change is not approved by the terminating Party; (xii) by either Party upon written notice to the other Party in the event of a material change in the business or operations of the other Party, which change is not approved by the terminating Party; (xiii) by either Party upon written notice to the other Party in the event of a material change in the laws or regulations of the jurisdiction in which the other Party operates, which change is not approved by the terminating Party; (xiv) by either Party upon written notice to the other Party in the event of a material change in the financial condition of the other Party, which change is not approved by the terminating Party; (xv) by either Party upon written notice to the other Party in the event of a material change in the management or personnel of the other Party, which change is not approved by the terminating Party; (xvi) by either Party upon written notice to the other Party in the event of a material change in the business or operations of the other Party, which change is not approved by the terminating Party; (xvii) by either Party upon written notice to the other Party in the event of a material change in the laws or regulations of the jurisdiction in which the other Party operates, which change is not approved by the terminating Party; (xviii) by either Party upon written notice to the other Party in the event of a material change in the financial condition of the other Party, which change is not approved by the terminating Party; (xix) by either Party upon written notice to the other Party in the event of a material change in the management or personnel of the other Party, which change is not approved by the terminating Party; (xx) by either Party upon written notice to the other Party in the event of a material change in the business or operations of the other Party, which change is not approved by the terminating Party; (xxi) by either Party upon written notice to the other Party in the event of a material change in the laws or regulations of the jurisdiction in which the other Party operates, which change is not approved by the terminating Party; (xxii) by either Party upon written notice to the other Party in the event of a material change in the financial condition of the other Party, which change is not approved by the terminating Party; (xxiii) by either Party upon written notice to the other Party in the event of a material change in the management or personnel of the other Party, which change is not approved by the terminating Party; (xxiv) by either Party upon written notice to the other Party in the event of a material change in the business or operations of the other Party, which change is not approved by the terminating Party; (xxv) by either","Each of its employees, consultants and Agents who will engage in activities on behalf of a Party under the R&D Work Plan, or who will have access to Confidential Information, is contractually obligated, or will be contractually obligated prior to his/her participation or access, to (i) assign to the Party all Intellectual Property rights conceived, made or discovered by such employee or Agent, whether solely or in collaboration with others, in connection with such employee’s, consultant’s or Agent’s work for the Party, and (ii) maintain the confidentiality of the Confidential Information. To the extent applicable, it is the intent of the Parties that ownership of all developments under this Agreement shall vest in the respective Party by operation of law or by assignment prior to assignment to the other Party pursuant to Article V.","EXCEPT AS EXPRESSLY PROVIDED ELSEWHERE IN THIS AGREEMENT, INCLUDING THE REQUIREMENTS IN THE R&D WORK PLAN, CONFORMIS MAKES NO WARRANTY WITH RESPECT TO THE SERVICES OR DELIVERABLES FURNISHED HEREUNDER, AND NO WARRANTIES OF ANY KIND, WHETHER WRITTEN, ORAL, IMPLIED OR STATUTORY, INCLUDING WARRANTIES OF MERCHANTABILITY, NONINFRINGEMENT OR FITNESS FOR A PARTICULAR PURPOSE, SHALL APPLY. ARTICLE VII LIMITATION ON LIABILITY AND INDEMNIFICATION 7.2 Limitation of Liability. EXCEPT FOR [**], IN NO EVENT WILL EITHER PARTY BE LIABLE TO THE OTHER PARTY FOR [**], EVEN IF SUCH PARTY WAS ADVISED OR AWARE OF THE POSSIBILITY OF SUCH DAMAGES. CONFORMIS’ LIABILITY ON A PER OCCURRENCE BASIS UNDER SECTION 7.3(A)(IV) SHALL NOT EXCEED THE GREATER OF (I) $[**] AND (II) THE AMOUNT OF INSURANCE COVERAGE ACTUALLY PAID TO CONFORMIS UNDER THEN-CURRENT INSURANCE POLICIES OF CONFORMIS IN RESPECT OF SUCH DAMAGES. For the purposes of this Section 7.2, “per occurrence” means the occurrence of any claim or series of claims directly arising out of or resulting from the same act, omission or event. 7.3 Mutual Indemnification. (a) Indemnification by Conformis. Conformis shall indemnify and hold harmless Stryker, its directors, officers, employees, Agents and Affiliates and their respective successors, heirs and assigns (collectively the “Stryker Indemnified Parties”) against any and all claims, suits, actions, and demands, wherever brought and however denominated, brought by a Third Party (all of the foregoing being referred to herein as “Claims”) against the Stryker Indemnified Party including all damages, collateral damages and settlements arising therefrom and reasonable outside attorneys’ fees and litigation expenses related thereto, to the extent arising from or related to (i) any breach of Conformis’ representations, warranties or obligations under this Agreement, (ii) any alleged violation of any Applicable Laws by Conformis, (iii) the negligence (excluding any product liability Claim), gross negligence or intentionally wrongful acts or omissions of Conformis, its employees, consultants, Agents and Affiliates in their performance hereunder, and (iv) any portion of a Claim alleging personal injury on account of product liability attributable to a Deliverable (including a Deliverable within a Product or a Stryker Product). Conformis shall have no obligation or liability with respect to any Claim under Section 7.3(a)(iii) or Section 7.3(a)(iv) to the extent directly arising out of or relating to: (1) any use of the Products in any manner not in accordance with applicable documentation (e.g., instructions for use, package inserts, labels, surgical guides and other materials provided by or approved by Conformis) that is not a result of Conformis’ conduct; (2) damage to the Products occurring after shipment that is not a result of Conformis’ conduct; or (3) any modifications to the Products that are not contemplated by the instructions for use thereto by any Person other than Supplier and that is not a result of Conformis’ conduct. Notwithstanding anything to the contrary, Stryker’s sole remedy and Conformis’ exclusive liability for breach of Section 3.2 with respect to a Product or a Stryker Product shall be as set forth in Section 10.1(i) of the Distribution Agreement. (b) Indemnification by Stryker. Stryker shall indemnify and hold harmless Conformis, its directors, officers, employees, Agents and Affiliates and their respective successors, heirs and assigns (collectively the “Conformis Indemnified Parties”) against any and all Claims against the Conformis Indemnified Parties to the extent arising from or related to (i) any breach of Stryker’s representations or warranties under this Agreement, (ii) any alleged violation of any Applicable Laws by Stryker, and (iii) the grossly negligent or intentionally wrongful acts or omissions of Stryker, its employees, consultants, Agents and Affiliates in their performance hereunder. (c) Joint Liability. To the extent that Stryker, on the one hand, and Conformis, on the other hand, each has indemnification obligations to the other in connection with a single Claim, they will contribute to the aggregate damages, liabilities, costs and expenses arising from such Claim in a proportion reflecting the relative and comparative responsibilities and determined liability of the Parties for such damages, liabilities, costs and expenses, as well as any other relevant equitable considerations. The amount paid or payable by a Party for purposes: of apportioning the aggregate damages, liabilities, costs and expenses shall be deemed to include"
DeltathreeInc_19991102_S-1A_EX-10.19_6227850_EX-10.19_Co-Branding Agreement_ Service Agreement.pdf,"**Section 1:**
PrimeCall and DeltaThree enter a three-year co-branding agreement to develop a prepaid IP telephony calling card, with PrimeCall providing services including printing, toll-free access number, pricing, and sales, and DeltaThree providing services including web site development, reporting, and advertising. The parties agree to share revenues and expenses, with DeltaThree responsible for all costs associated with the operation and maintenance of the PrimeCall web site.

**Section 2:**
This Agreement outlines the terms and conditions for the cooperation between DeltaThree and PrimeCall, including their obligations to provide further assurances, cooperate in furnishing information, and survive the term of the agreement despite any breaches or failures to perform. The parties agree to be independent contractors and not create any agency, partnership, or employment relationship. The agreement also specifies the governing law as the State of New York and the jurisdiction of the courts.","Section 6.01 [Termination for Cause]. Termination for Cause. In the event that either PrimeCall or DeltaThree materially breaches any of its duties or obligations hereunder, which breach shall not be cured within thirty (30) days after written notice is given to the breaching party specifying the breach, then either PrimeCall or DeltaThree, as the case may be, may, by giving written notice thereof to the other, terminate this Agreement as of a date specified in such notice of termination, which date shall be no earlier than ten (10) days after the date of such notice. Section 6.02 [Termination for Bankruptcy]. Termination for Bankruptcy. In the event of the Bankruptcy (as hereinafter defined) of either PrimeCall or DeltaThree, then the non-bankrupt party may, by written notice thereof to the party in Bankruptcy, terminate this Agreement as of a date specified in such notice of termination, which date shall be no earlier than ten (10) days after the date of such notice. For the purposes of this Agreement, ""Bankruptcy"" shall mean the happening of any of the following: (i) the filing of an application for, or a consent to, the appointment of a trustee for all or substantially all of the relevant party's assets, (ii) the filing of a voluntary petition in bankruptcy, or the filing of a pleading in any court of record admitting in writing the relevant party's inability to pay its debts generally as they come due, (iii) the making of a general assignment for the benefit of creditors, (iv) the entry of an order, judgment or decree by any court of competent jurisdiction adjudicating the relevant party a bankrupt, or appointing a trustee of all or substantially all of such party's assets unless such order, judgment or decree is vacated or stayed on appeal within thirty (30) days or (v) the filing of an involuntary case or other proceeding against the relevant party seeking liquidation, reorganization or other relief under any bankruptcy, insolvency or other similar law, which case or proceeding shall not have been dismissed within sixty days after filing. Section 6.03 [Effect of Termination]. Effect of Termination. In the event of the termination of this Agreement, all rights and obligations of PrimeCall and DeltaThree shall terminate as of the effective date of such termination, except that (i) such termination shall not constitute a waiver of any rights that either PrimeCall or DeltaThree may have by reason of a breach of this Agreement, (ii) such termination shall not constitute a waiver of any right to receive payments that are due and owing pursuant to this Agreement and (iii) the provisions of Article VII [Limited Warranty] shall continue in full force and effect.","PrimeCall and DeltaThree each agree that for the longest period permitted by law each shall hold in strictest confidence and, without the prior written approval of the other party hereto, not to use for their own benefit or the benefit of any party other than the other party hereto, or disclose to any person, firm or corporation other than such party (other than as required by law) any confidential proprietary information concerning the business and affairs of the other party hereto; provided, however, that the foregoing limitations and restrictions shall not apply to information that (i) is or becomes generally available to the public other than as a result of a disclosure by the directors, officers, shareholders, partners, affiliates, employees, agents or advisors of PrimeCall or DeltaThree, as the case may be, or (ii) is or becomes available to PrimeCall or DeltaThree on a non-confidential basis from a source other than the other party hereto or any of its advisors, agents or affiliates, provided that such source is not known by PrimeCall or DeltaThree, as the case may be, to be bound by a confidentiality agreement with or other obligation of secrecy to the other party hereto.","IN NO EVENT SHALL PRIMECALL BE LIABLE TO DELTATHREE FOR ANY SPECIAL, INCIDENTIAL OR CONSEQUENTIAL DAMAGES, INCLUDING, WITHOUT LIMITATION, LOSS OF PROFITS, REVENUES OR DATA WHETHER BASED ON BREACH OF CONTRACT, TORT OR OTHERWISE, WHETHER OR NOT DELTATHREE HAS BEEN ADVISED OF THE POSSIBILITY OF SUCH DAMAGE. THE LIABILITY OF PRIMECALL FOR DAMAGES OR ALLEGED DAMAGES HEREUNDER, WHETHER IN CONTRACT, TORT OR ANY OTHER LEGAL THEORY, IS LIMITED TO, AND WILL NOT EXCEED, DELTATHREE'S DIRECT DAMAGES. IN NO EVENT SHALL DELTATHREE BE LIABLE TO PRIMECALL FOR ANY SPECIAL, INCIDENTIAL OR CONSEQUENTIAL DAMAGES, INCLUDING, WITHOUT LIMITATION, LOSS OF PROFITS, REVENUES OR DATA WHETHER BASED ON BREACH OF CONTRACT, TORT OR OTHERWISE, WHETHER OR NOT PRIMECALL HAS BEEN ADVISED OF THE POSSIBILITY OF SUCH DAMAGE. THE LIABILITY OF DELTATHREE FOR DAMAGES OR ALLEGED DAMAGES HEREUNDER, WHETHER IN CONTRACT, TORT OR ANY OTHER LEGAL THEORY, IS LIMITED TO, AND WILL NOT EXCEED, PRIMECALL'S DIRECT DAMAGES."
DigitalCinemaDestinationsCorp_20111220_S-1_EX-10.10_7346719_EX-10.10_Affiliate Agreement.pdf,"**Section 1:**
National CineMedia, LLC (NCM) and Digital Cinema Destinations Corp. (Network Affiliate) enter into a strategic alliance to expand NCM's advertising footprint in Network Affiliate's theatre circuit, with NCM providing the Digital Content Network service to Network Affiliate, who will display it in its theatres. The agreement outlines the terms of the service, including the installation of equipment, ownership, and costs, with NCM owning the small d equipment and Network Affiliate owning the Big D equipment. Network Affiliate will pay NCM for the value of the small d equipment upon expiration or termination of the agreement.

**Section 2:**
NCM will provide various services to Theatres, including the Digital Carousel, Pre-Feature Program, Policy Trailer, and Video Display Program, with Theatres participating in these services as specified. NCM will also provide Lobby Promotions to Theatres, with Theatres agreeing to display them as described. The services will be distributed to Digitized and Non-Digitized Theatres, with content restrictions and standards in place to ensure compliance with applicable laws and regulations.

**Section 3:**
Network Affiliate shall provide written notice to NCM of changes to its list of IMAX Screens. NCM grants Network Affiliate a limited, non-exclusive license to receive and exhibit the Service on the Equipment at Theatres, subject to the terms and conditions of this Agreement. Network Affiliate shall use the NCM Equipment and the Service in accordance with NCM's policies and procedures.

**Section 4:**
Network Affiliate shall be the exclusive provider of services to its theatres, with NCM as its exclusive representative for procurement of inventory for advertising services, and NCM shall be responsible for coordination and administration of inventory placement. NCM shall pay $30.00 per digitized screen to Network Affiliate on a monthly basis, and each party shall receive 50% of all net revenue derived from the sale of advertising inventory. In the event of termination, NCM shall be entitled to enter the theatres to recover any NCM property, and each party shall promptly deliver to the other any equipment in its possession.

**Section 5:**
Network Affiliate and NCM have indemnification obligations, with NCM defending and holding harmless Network Affiliate from third-party claims arising from NCM's fraud, willful misconduct, or noncompliance with law, or from NCM's infringement of third-party trademarks, copyrights, or patents. NCM may also replace or modify the infringing property, secure the right to use it, or terminate the agreement, refunding a portion of the license fees paid by Network Affiliate.

**Section 6:**
This Agreement between National CineMedia, LLC (NCM) and Digital Cinema Destinations Corp. (Network Affiliate) outlines the terms of their business relationship, including the provision of advertising services, confidentiality, and dispute resolution. The parties agree to equitable relief in the event of a breach, including injunctive relief, and waive the right to a hearing prior to the issuance of any order by a court of competent jurisdiction. The Agreement also specifies the jurisdiction and venue for any legal action, with the parties consenting to the jurisdiction of the state and federal courts located in New York, New York.","Section 3.4 Content Standards. The Parties agree that (unless mutually agreed by the Parties with respect to clauses (i), (iii), (iv), (v) or (vi)) all content within the Service will not contain content or other material that: (i) has received, or had it been rated would have received, an MPAA “X” or “NC-17” rating (or the equivalent), (ii) promotes illegal activity, (iii) promotes the use of tobacco, sexual aids, birth control, firearms, weapons or similar products; (iv) promotes alcohol, except prior to “R”-rated films in the auditorium; (v) constitutes religious advertising (except on a local basis, exhibiting time and location for local church services); (vi) constitutes political advertising or promotes gambling; (vii) promotes theatres, theatre circuits or other entities that are competitive with Network Affiliate’s theatre operating business or NCM; or (viii) otherwise reflects negatively on Network Affiliate or adversely affects Network Affiliate’s attendance as determined in Network Affiliate’s reasonable discretion. Additionally, the service will not contain any material that depicts or advertises products competitive to the Beverage Agreement (except as an incidental product placement in content not created by NCM). Network Affiliate may, without liability, breach or otherwise, prevent and/or take any other actions with respect to the use or distribution of content that violates the foregoing standards; provided, that with respect to this Section 3.4(viii), Network Affiliate may opt out of such advertising only with respect to Theatres in the geographic locations identified, which may include all of Network Affiliate’s Theatres. If the Digital Content Service contains any content that violates the foregoing standards, NCM will use commercially reasonable efforts to remove such content as soon as reasonably practical. If NCM fails to remove such content within a reasonable time, Network Affiliate may discontinue the Digital Content Service in such auditoriums where such content is shown until the violating content is removed and shall have no liability for such discontinuation. If any other elements of the Service contain any content that violates the foregoing standards, NCM shall at Network Affiliate’s request, or Network Affiliate acting on its own behalf may, upon giving written notice to NCM, remove such content immediately.","Each party acknowledges that the other’s Confidential Information contains valuable trade secret and proprietary information of that party. Each party agrees to permanently hold, and cause its personnel to hold, all Confidential Information of the other party in strict confidence, except that each party may: (i) disclose the Confidential Information of the other party that is required to be disclosed by governmental agencies, regulatory authorities, or pursuant to court order, but only to the extent such disclosure is required by law and only if such party provides prompt prior written notice to the other party of the disclosure, and (ii) subject to the terms and conditions of this Agreement, use the Confidential Information of the other party only to the extent necessary to perform its obligations under this Agreement. Except as specifically permitted by this Agreement, neither party shall duplicate or use, or permit the duplication or use of, any Confidential Information of the other party or disclose or permit the disclosure of such Confidential Information to any person or entity. Each party shall limit use, possession, and disclosure of, and shall limit access to, the Confidential Information of the other party only to those of its employees or representatives whose performance under this Agreement requires such use, possession, disclosure, or access and who have signed confidentiality and non-disclosure agreements protecting the confidentiality of the Confidential Information at least to the same extent as such information is protected under this Agreement. Any duplication, use, disclosure, or other act or omission by any person or entity that obtains access to or possession of Confidential Information through the receiving party that would be a breach of this Agreement if committed by the receiving party shall be a breach of this Agreement by the receiving party for which the receiving party shall be responsible. For the avoidance of doubt, neither party shall issue any press release or other public announcement concerning this Agreement, including without limitation its existence, without the prior written approval of the other party. It shall not be a violation of this XIII for a party to disclose to any person or entity the tax treatment and tax structure of the transactions contemplated under this Agreement and all materials of any kind (including without limitation opinions or other tax analyses) relating to such tax treatment or tax structure.","NOTHING IN THIS AGREEMENT SHALL LIMIT OR EXCLUDE ANY LIABILITY OF A PARTY FOR DEATH OR PERSONAL INJURY RESULTING FROM ITS NEGLIGENCE OR FOR FRAUDULENT MISREPRESENTATION. EXCEPT AS EXPRESSLY PROVIDED IN THIS SECTION 14.9, IN NO EVENT SHALL EITHER PARTY BE LIABLE TO THE OTHER PARTY FOR ANY INDIRECT, SPECIAL, INCIDENTAL, CONSEQUENTIAL, EXEMPLARY OR PUNITIVE DAMAGES (INCLUDING, WITHOUT LIMITATION, DAMAGES FOR LOSS OF BUSINESS, REVENUE, GOODWILL, USE, DATA, OR OTHER ECONOMIC ADVANTAGE) ARISING OUT OF OR IN CONNECTION WITH THIS AGREEMENT, HOWEVER CAUSED AND REGARDLESS OF THE THEORY OF LIABILITY, EVEN IF SUCH PARTY HAS BEEN ADVISED OF THE POSSIBILITY OF SUCH DAMAGES. EXCEPT AS EXPRESSLY PROVIDED IN THIS SECTION 14.9, IN NO EVENT SHALL EITHER PARTY BE LIABLE TO THE OTHER PARTY FOR ANY DAMAGES ARISING OUT OF OR IN CONNECTION WITH THIS AGREEMENT, INCLUDING, WITHOUT LIMITATION, DAMAGES FOR BREACH OF CONTRACT, TORT (INCLUDING NEGLIGENCE AND STRICT LIABILITY), OR OTHERWISE, EXCEPT TO THE EXTENT SUCH DAMAGES ARE EXPRESSLY PROVIDED FOR IN THIS AGREEMENT. IN NO EVENT SHALL NCM BE LIABLE TO NETWORK AFFILIATE FOR ANY DAMAGES ARISING OUT OF OR IN CONNECTION WITH THE USE OF THE NCM MARKS OR THE NETWORK AFFILIATE MARKS. IN NO EVENT SHALL NETWORK AFFILIATE BE LIABLE TO NCM FOR ANY DAMAGES ARISING OUT OF OR IN CONNECTION WITH THE USE OF THE NCM MARKS OR THE NETWORK AFFILIATE MARKS. EXCEPT AS EXPRESSLY PROVIDED IN THIS SECTION 14.9, IN NO EVENT SHALL EITHER PARTY BE LIABLE TO THE OTHER PARTY FOR ANY DAMAGES ARISING OUT OF OR IN CONNECTION WITH THE USE OF THE SOFTWARE, THE SERVICE, OR THE EQUIPMENT, EXCEPT TO THE EXTENT SUCH DAMAGES ARE EXPRESSLY PROVIDED FOR IN THIS AGREEMENT. IN NO EVENT SHALL NCM BE LIABLE TO NETWORK AFFILIATE FOR ANY DAMAGES ARISING OUT OF OR IN CONNECTION WITH THE USE OF THE SOFTWARE, THE SERVICE, OR THE EQUIPMENT, EXCEPT TO THE EXTENT SUCH DAMAGES ARE EXPRESSLY PROVIDED FOR IN THIS AGREEMENT. IN NO EVENT SHALL NETWORK AFFILIATE BE LIABLE TO NCM FOR ANY DAMAGES ARISING OUT OF OR IN CONNECTION WITH THE USE OF THE SOFTWARE, THE SERVICE, OR THE EQUIPMENT, EXCEPT TO THE EXTENT SUCH DAMAGES ARE EXPRESSLY PROVIDED FOR IN THIS AGREEMENT. EXCEPT AS EXPRESSLY PROVIDED IN THIS SECTION 14.9, IN NO EVENT SHALL EITHER PARTY BE LIABLE TO THE OTHER PARTY FOR ANY DAMAGES ARISING OUT OF OR IN CONNECTION WITH THE USE OF THE DIGITAL CONTENT NETWORK, EXCEPT TO THE EXTENT SUCH DAMAGES ARE EXPRESSLY PROVIDED FOR IN THIS AGREEMENT. IN NO EVENT SHALL NCM BE LIABLE TO NETWORK AFFILIATE FOR ANY DAMAGES ARISING OUT OF OR IN CONNECTION WITH THE USE OF THE DIGITAL CONTENT NETWORK, EXCEPT TO THE EXTENT SUCH DAMAGES ARE EXPRESSLY PROVIDED FOR IN THIS AGREEMENT. IN NO EVENT SHALL NETWORK AFFILIATE BE LIABLE TO NCM FOR ANY DAMAGES ARISING OUT OF OR IN CONNECTION WITH THE USE OF THE DIGITAL CONTENT NETWORK, EXCEPT TO THE EXTENT SUCH DAMAGES ARE EXPRESSLY PROVIDED FOR IN THIS AGREEMENT. EXCEPT AS EXPRESSLY PROVIDED IN THIS SECTION 14.9, IN NO EVENT SHALL EITHER PARTY BE LIABLE TO THE OTHER PARTY FOR ANY DAMAGES ARISING OUT OF OR IN CONNECTION WITH THE USE OF THE NCM EQUIPMENT, EXCEPT TO THE EXTENT SUCH DAMAGES ARE EXPRESSLY PROVIDED FOR IN THIS AGREEMENT. IN NO EVENT SHALL NCM BE LIABLE TO NETWORK AFFILIATE FOR ANY DAMAGES ARISING OUT OF OR IN CONNECTION WITH THE USE OF THE NCM EQUIPMENT, EXCEPT TO THE EXTENT SUCH DAMAGES ARE EXPRESSLY PROVIDED FOR IN THIS AGREEMENT. IN NO EVENT SHALL NETWORK AFFILIATE BE LIABLE TO NCM FOR ANY DAMAGES ARISING OUT OF OR IN CONNECTION WITH THE USE OF THE NCM EQUIPMENT, EXCEPT TO THE EXTENT SUCH DAMAGES ARE EXPRESSLY PROVIDED FOR IN THIS AGREEMENT. EXCEPT AS EXPRESSLY PROVIDED IN THIS SECTION 14.9, IN NO EVENT SHALL EITHER PARTY BE LIABLE TO THE OTHER PARTY FOR ANY DAMAGES ARISING OUT OF OR IN CONNECTION WITH THE USE OF THE SOFTWARE UPDATES AND UPGRADES, EXCEPT TO THE EXTENT SUCH DAMAGES ARE EXPRESSLY PROVIDED FOR IN THIS AGREEMENT. IN NO EVENT SHALL NCM BE LIABLE TO NETWORK AFFILIATE FOR ANY DAMAGES ARISING OUT OF OR IN CONNECTION WITH THE USE OF THE SOFTWARE UPDATES AND UPGRADES, EXCEPT TO THE EXTENT SUCH DAMAGES ARE EXPRESSLY PROVIDED FOR IN THIS AGREEMENT. IN NO EVENT SHALL NETWORK AFFILIATE BE LIABLE TO NCM FOR ANY DAMAGES ARISING OUT OF OR IN CONNECTION WITH THE USE OF THE SOFTWARE UPDATES AND UPGRADES, EXCEPT TO THE EXTENT SUCH DAMAGES ARE EXPRESSELY PROVIDED FOR IN THIS AGREEMENT. EXCEPT AS EXPRESSLY PROVIDED IN THIS SECTION 14.9, IN NO EVENT SHALL EITHER PARTY BE LIABLE TO THE OTHER PARTY FOR"
EcoScienceSolutionsInc_20171117_8-K_EX-10.1_10956472_EX-10.1_Endorsement Agreement.pdf,"**Section 1:**
Eco Science Solutions, Inc. (ESSI) engages Stephen Marley as a Spokesperson to endorse its products and services worldwide, with a one-year term automatically renewing annually unless terminated with a 30-day notice. In consideration for Marley's services, ESSI provides one-million shares of restricted common stock and monthly cash payments of $10,000 for social communications with his followers on popular social media venues.

**Section 2:**
This contract appears to be a corporate transaction involving the sale or transfer of assets, with Stephen Marley representing Talent ECO SCIENCES SOLUTIONS, INC. and Jeffery Taylor representing ECO SCIENCE SOLUTIONS, INC. The exact nature of the transaction is not specified, but it is likely a significant business deal. The document is a filing from 2017, suggesting that the transaction may have occurred at that time.","10. Termination for Cause A. ESSI shall have the right to terminate this Agreement upon ten (10) days prior written notice to Talent in the event Talent fails to perform the duties set forth in Paragraph 4 hereof or breaches any other covenant or agreement set forth herein and fails to cure same (if curable) within seven (7) days of receipt of written notice. Such termination shall relieve ESSI of its obligation to provide any further consideration pursuant to this Agreement. B. Talent shall have the right to terminate this Agreement upon ten (10) days prior written notice to ESSI in the event of the occurrence of any of the following: (1) ESSI adjudicates as insolvent or declares bankruptcy; or (2) ESSI fails to provide consideration due pursuant to this Agreement, within ten (10) days following the date such consideration is due hereunder, provided that ESSI is notified in writing of such non-payment by Talent and such payment by ESSI is not made within three (3) days following such notification; or (3) ESSI breaches any representation, warranty, covenant or agreement set forth herein and fails to cure same (if curable) within seven (7) days of receipt of written notice. Furthermore, ESSI agrees that such termination shall not relieve it of its obligation to provide consideration as contemplated hereunder. Talent shall not have waived any of its rights at law or in equity by exercising any provision of this paragraph. C. ESSI's rights to the use of Talent and Talent's Attributes as set forth in Paragraphs 3 and 4 shall end immediately should this Agreement be terminated pursuant to Paragraph 10(A) or Paragraph 10(B) above.","28. Confidentiality and Non-Disclosure A. Talent's endorsement and position of spokesperson of ESSI is for the sole purpose of the endorsement of the Company's products, and to offer information, based upon Talent's use and knowledge of ESSI's products. At no time whatsoever, in any manner whatsoever, is Talent authorized to discuss ESSI's financial condition, either in speculation or actual knowledge of such. B. Talent's position as a special advisor may provide Talent access to information that has not been made public and Talent agrees, to, at all times, keep in strict confidence any information he may come across that is not yet public, including, but not limited to, information about ESSI's stock, new products, acquisitions, and/or any other corporate action the Company may take, or has taken. Confidential treatment of this information extends to non-disclosure to Talent's friends, family, business associates, and any other person seeking information regarding the Company's financial information, stock, or corporate actions.","13. Indemnity. ESSI shall be solely responsible for all liability arising out of production, distribution and sale of its product(s). ESSI hereby agrees to indemnify, defend and hold harmless Talent, his agents, representatives and employees (referred to collectively as ""Talent Indemnities"") from and against any and all claims, actions, causes of action, damages, injuries, expenses, liabilities (joint and several), penalties fines, attorney fees, court costs, and any other expenses incurred by Talent Indemnities arising out of (1) breach by ESSI of any of the terms, representations or warranties made by ESSI in this Agreement; or (2) ESSI product liability or trademark patent or other proprietary right infringement; or (3) errors, omissions, fraudulent or negligent acts by ESSI, its employees, agents or subcontractors in connection with (i) any advertising featuring Talent; (ii) with the performance of ESSI's duties and obligations under this Agreement; (iii) with the production, distribution, promotion, marketing and sales of products including related product packaging; and/or (iv) with the operation and management of its production and distribution facilities, however caused. 13.1 ESSI shall not be obligated to indemnify Talent with respect to damages which are the result of the active negligence or willful misconduct of Talent."
EdietsComInc_20001030_10QSB_EX-10.4_2606646_EX-10.4_Co-Branding Agreement.pdf,"**Section 1:**
Women.com and eDiets establish a custom, category-exclusive, co-branded center containing repackaged content from the eDiets Site, to be part of the Women.com Sites, promoting the eDiets brand and driving traffic to the eDiets Site. eDiets grants Women.com a non-exclusive, royalty-free license to use eDiets content on the Women.com Sites, and eDiets shall pay Women.com a monthly fee for developing, maintaining, and promoting the Diet Center.

**Section 2:**
eDiets and Women.com enter into a two-year agreement with automatic renewal for twelve-month terms, unless either party provides sixty days' written notice. The agreement grants eDiets a non-exclusive, royalty-free license to use Women.com's Marks for advertising and marketing, subject to Women.com's quality control standards and approval. Women.com retains all rights to its Marks, which eDiets must discontinue using upon seventy-two hours' written notice. The agreement also addresses data ownership, with eDiets retaining ownership of data collected within its site and Women.com retaining ownership of data collected on its site.

**Section 3:**
eDiets and Women.com agree to indemnify each other from third-party claims arising from circumstances that constitute a breach or alleged breach of their warranties, with eDiets receiving a two-week banner advertisement test and a fixed top and 125x365 side banner on eight content features on Women.com Sites, and Women.com providing eDiets with a guaranteed 12 million circulation per year from and after the Effective Date via newsletters, and three Anchor Sponsorships and two Premier Sponsorships of Women.com promotions.

**Section 4:**
eDiets.com and Women.com enter a 2-year deal with a total net cost of $4,000,000, where eDiets.com is guaranteed 70,000,000 total impressions per year, with a minimum of 13,000,000 impressions promoting eDiets on the Diet Center. The deal includes anchor and premier sponsorships of Women.com promotions, with estimated impressions ranging from 1,000,000 to 3,600,000 per promotion, and a total estimated impression break-out of 79,100,000 per year.","10.2 Termination for Breach. In the event of a material breach of this Agreement by either party, the non-breaching party may terminate this Agreement if such breach is not cured within thirty (30) days from receipt of written notice of such breach sent to the address of the breaching party as specified herein. Such termination shall be in addition to any and all other actions or remedies the parties may seek at law or equity with respect to a breach of this Agreement. 10.3 Effect of Termination. Upon the termination, expiration or earlier termination of this Agreement in accordance with its terms (the ""Termination Date""): (a) the rights and licenses granted by each party to the other pursuant to this Agreement shall automatically terminate; (b) where applicable, each party shall return to the other party, within thirty (30) days from such Termination Date, all intellectual property, technology or other property in its possession used in connection with this Agreement that is proprietary to the other party; (c) Confidential Information shall be returned in accordance with the terms of Section 11; (d) within sixty (60) days after such Termination Date, Women.com shall remove and cease to use all eDiets Content provided or made available for use or display on the Gateway Page pursuant to or in connection with this Agreement; (e) within sixty (60) days after such Termination Date, each party shall eliminate from their respective web sites and/or respective web pages any marks or branding related to the other party (i.e., the eDiets Marks and the Women.com Marks, respectively) used in connection with this Agreement; (f) within sixty (60) days after such Termination Date, Women.com shall purge from its servers and systems all eDiets Content; (g) within sixty (60) days after such Termination Date, Women.com shall make-good to eDiets any and all payments made to Women.com under this Agreement for advertising inventory not yet delivered or run, provided that eDiets has paid for such inventory; and (h) within sixty (60) days after such Termination Date, eDiets shall pay to Woman.com any and all payment due under this Agreement for delivered advertising and promotions inventory in accordance with Sections 3.1 [Advertising and Promotion] and 6.1. 10.4 Survival. The provisions of Sections 4, 8, 10, 11, 12, 13, 14 and 15, as well as all defined terms, will survive any expiration or earlier termination of this Agreement for any reason.","11.1 The parties acknowledge that, in the course of performing duties under this Agreement, each party may obtain Confidential Information from the other party. For the purposes of this Section 11, the party disclosing Confidential Information shall be the ""Disclosing Party"" and the party receiving Confidential Information shall be the ""Receiving Party."" ""Confidential Information"" means any and all technical and non-technical information provided by the Disclosing Party to the Receiving Party and shall include, but not be limited to, all information regarding (a) patent and patent applications, (b) trade secrets, and (c) proprietary information, ideas, samples, media, techniques, sketches, drawings, works of authorship, models, inventions, know-how, processes, apparatuses, equipment, algorithms, software programs, software source documents, and formulae related to the current, future, and proposed products and services of the Company, and including, without limitation, the Company's information concerning research, experimental work, development, design details and specifications, engineering, financial information, procurement requirements, purchasing, manufacturing, customer lists, investors, employees, business and contractual relationships, business forecasts, sales and merchandising, marketing plans and information the Company provides regarding third parties. Confidential Information also includes proprietary or confidential information of any third party that may disclose such information to either party in the course of such party's business.

11.2 Confidential Information of the Disclosing Party will not include information that the Disclosing Party can demonstrate by reasonable evidence (a) is in or enters the public domain without breach of this Agreement, (b) the Receiving Party lawfully receives from a third party without restriction on disclosure and without breach of a nondisclosure obligation, (c) is approved for release by written authorization of the Disclosing Party, (d) the Receiving Party knew prior to receiving such information from the Disclosing Party or (e) is independently developed by the Receiving Party without reference to Confidential Information of the Disclosing Party.

11.3 By virtue of this Agreement, each party hereto may disclose to the other any information that is Confidential Information. Such Confidential Information shall be governed by the terms of this Section 11. Each party agrees to use the Confidential Information of the other party solely to the extent necessary to fulfill its obligations or exercise its rights hereunder, and not for any other purpose.

11.4 Each party agrees (a) that it will disclose such Confidential Information only to its employees, agents and contractors with a need to know such Confidential Information and who have obligations of confidentiality not to use such Confidential Information for any purpose except as expressly permitted hereunder, (b) that it will not disclose to any third party or use any Confidential Information disclosed to it by the other except as expressly permitted in this Agreement, and (c) that it will take all reasonable measures to maintain the confidentiality of all Confidential Information of the other party in its possession or control, which will in no event be less than the measures it uses to maintain the confidentiality of its own information of similar importance.

11.5 Notwithstanding the foregoing, each party may disclose Confidential Information (a) to the extent required by a court of competent jurisdiction or other governmental authority or otherwise as required by law, provided that the Receiving Party uses reasonable efforts to provide the Disclosing Party with prior notice of such obligation in order to permit the Disclosing Party a reasonable opportunity to take legal action to prevent or limit the scope of such disclosure, or (b) on a ""need-to-know"" basis under an obligation of confidentiality to its legal counsel, accountants, banks and other financing sources and their advisors.

11.6 Within fifteen (15) days of receipt by Receiving Party of a written request from the Disclosing Party for the return of Confidential Information, all Disclosing Party's Confidential Information and all copies thereof in Receiving Party's possession or control shall be returned to Disclosing Party or destroyed by Receiving Party at Disclosing Party's instruction. Receiving Party shall then certify the same in writing and that no copies have been retained by Receiving Party, its employees, agents or contractors.

11.7 Each party acknowledges that unauthorized disclosure or use of the Confidential Information may cause irreparable harm to the other party for which recovery of money damages would be inadequate, and the other party shall therefore be entitled to seek timely injunctive relief to protect its rights under this Section 11, in addition to any and all other remedies available at law or in equity.

11.8 The terms and conditions of this Agreement will be deemed to be the Confidential Information of each party and will not be disclosed without the written consent of the other party.","NOTWITHSTANDING THE FOREGOING, eDiets shall indemnify, defend and hold harmless Women.com, its officers, directors, employees and agents from and against all damages, awards, costs, fees (including reasonable attorneys' fees), and expenses that such parties may incur as a result of third party claims arising from such third parties' reliance on Facts. Women.com retains the right, but not the obligation, to independently corroborate, or have corroborated, the timeliness, accuracy, and correctness of all Facts. 5.2 During the Term, eDiets will not buy, sell, display or distribute advertising from (including, but not limited to, banner ads, buttons, badges, text links, hyperlinks or editorial mentions) or otherwise promote any Women.com Competitive Company on any page of the eDiets Site that is within two clicks from the Gateway Page of the Diet Center. For purposes of this Agreement, ""Women.com Competitive Company"" means any company that Women.com reasonably presents as, and eDiets reasonably agrees is, a direct competitor to Women.com by providing an on-line portal for women, including, but not limited to, Oxygen Media and iVillage. eDiets shall indemnify, defend and hold harmless Women.com, its officers, directors, employees and agents from and against all damages, awards, costs, fees (including reasonable attorneys' fees), and expenses that such parties may incur as a result of third party claims arising from such third parties' reliance on Facts. Women.com retains the right, but not the obligation, to independently corroborate, or have corroborated, the timeliness, accuracy, and correctness of all Facts. 8.5 eDiets agrees to indemnify, defend and hold harmless Women.com, its officers, directors, employees and agents from and against all damages, awards, costs, fees (including reasonable attorneys' fees), and expenses that such parties may incur as a result of third party claims arising from such third parties' reliance on Facts. Women.com retains the right, but not the obligation, to independently corroborate, or have corroborated, the timeliness, accuracy, and correctness of all Facts."
EhaveInc_20190515_20-F_EX-4.44_11678816_EX-4.44_License Agreement_ Reseller Agreement.pdf,"**Section 1:**
Ehave, Inc. and Companion Healthcare Technologies Corp. enter into a license and reseller agreement on October 30, 2018, enabling CHT to license and provide services using the Ehave Companion Solution for the animal market, including companion animals. Ehave grants CHT a non-transferable right to sub-license the use of the Ehave Companion Solution within the Field of Use in the Territory to End Users and their Authorized Users, subject to the provisions of CHT's Subscription Agreement. CHT is restricted from reverse engineering or attempting to view the software's Source Code, and is prohibited from entering into Competitive Transactions with other Persons related to substantially similar or competitive solutions.

**Section 2:**
Ehave and CHT enter into a supplier and reseller agreement, where Ehave provides the Ehave Companion Solution, and CHT has sole discretion to determine its methods of operation, accounting practices, and personnel practices. CHT is responsible for marketing, advertising, and promoting the Ehave Companion Solution, and Ehave shall operate, support, and maintain the solution in accordance with the agreement.

**Section 3:**
Ehave shall operate, support and maintain the Ehave Companion Solution in accordance with the terms of this Agreement, including the Support Procedures, Service Level Commitments, and Security Requirements. CHT acknowledges and agrees that Ehave is not responsible for any communication over the public Internet. Ehave may make changes to the Ehave Companion Solution, including upgrading, updating, or enhancing it, and shall notify CHT at least 48 hours in advance of any scheduled maintenance. CHT shall pay the Royalties and applicable taxes in accordance with the payment terms as set out in Schedule “6”.

**Section 4:**
Ehave and CHT agree on the ownership and licensing of the Ehave Companion Solution, with Ehave retaining ownership of the software and CHT acquiring a license to use it. In the event of Ehave's bankruptcy or insolvency, CHT has the right to exercise its rights under the Escrow Agreement, which includes the release of the Source Code, and to use the software to operate, support, and maintain the Ehave Companion Solution.

**Section 5:**
Ehave, as the provider of the Companion Solution, agrees to defend and indemnify CHT against any claims of intellectual property infringement, provided Ehave is given prompt notice and control over the defense. Ehave may also modify or replace the Companion Solution to avoid infringement, or discontinue its use with sixty days' notice. CHT, in turn, agrees to defend and indemnify Ehave against claims related to End User Data, breach of obligations, or use of the Companion Solution. Both parties agree to limit liability for consequential damages, lost revenue, and lost profit, with exceptions for personal injury, fraud, and intellectual property claims.","This Agreement may be terminated by either Party upon written notice to the other Party in the event that the other Party commits a material breach of any provision of this Agreement and fails to cure such breach within thirty (30) days after receipt of such notice. Upon termination of this Agreement, CHT shall immediately cease to use the Ehave Companion Solution and shall not use the Ehave Companion Solution for any purpose other than to provide Transition-out Services to End Users for the Transition-out Period. Upon termination of this Agreement, Ehave shall immediately cease to provide the Ehave Companion Solution to CHT and shall not provide the Ehave Companion Solution to CHT for any purpose other than to provide Transition-out Services to End Users for the Transition-out Period. Upon termination of this Agreement, CHT shall immediately return to Ehave all Confidential Information of Ehave in CHT's possession or control. Upon termination of this Agreement, CHT shall immediately cease to use the Ehave Companion Solution and shall not use the Ehave Companion Solution for any purpose other than to provide Transition-out Services to End Users for the Transition-out Period. Upon termination of this Agreement, Ehave shall immediately cease to provide the Ehave Companion Solution to CHT and shall not provide the Ehave Companion Solution to CHT for any purpose other than to provide Transition-out Services to End Users for the Transition-out Period. Upon termination of this Agreement, CHT shall immediately return to Ehave all Confidential Information of Ehave in CHT's possession or control. Upon termination of this Agreement, CHT shall immediately cease to use the Ehave Companion Solution and shall not use the Ehave Companion Solution for any purpose other than to provide Transition-out Services to End Users for the Transition-out Period. Upon termination of this Agreement, Ehave shall immediately cease to provide the Ehave Companion Solution to CHT and shall not provide the Ehave Companion Solution to CHT for any purpose other than to provide Transition-out Services to End Users for the Transition-out Period. Upon termination of this Agreement, CHT shall immediately return to Ehave all Confidential Information of Ehave in CHT's possession or control. Upon termination of this Agreement, CHT shall immediately cease to use the Ehave Companion Solution and shall not use the Ehave Companion Solution for any purpose other than to provide Transition-out Services to End Users for the Transition-out Period. Upon termination of this Agreement, Ehave shall immediately cease to provide the Ehave Companion Solution to CHT and shall not provide the Ehave Companion Solution to CHT for any purpose other than to provide Transition-out Services to End Users for the Transition-out Period. Upon termination of this Agreement, CHT shall immediately return to Ehave all Confidential Information of Ehave in CHT's possession or control. Upon termination of this Agreement, CHT shall immediately cease to use the Ehave Companion Solution and shall not use the Ehave Companion Solution for any purpose other than to provide Transition-out Services to End Users for the Transition-out Period. Upon termination of this Agreement, Ehave shall immediately cease to provide the Ehave Companion Solution to CHT and shall not provide the Ehave Companion Solution to CHT for any purpose other than to provide Transition-out Services to End Users for the Transition-out Period. Upon termination of this Agreement, CHT shall immediately return to Ehave all Confidential Information of Ehave in CHT's possession or control. Upon termination of this Agreement, CHT shall immediately cease to use the Ehave Companion Solution and shall not use the Ehave Companion Solution for any purpose other than to provide Transition-out Services to End Users for the Transition-out Period. Upon termination of this Agreement, Ehave shall immediately cease to provide the Ehave Companion Solution to CHT and shall not provide the Ehave Companion Solution to CHT for any purpose other than to provide Transition-out Services to End Users for the Transition-out Period. Upon termination of this Agreement, CHT shall immediately return to Ehave all Confidential Information of Ehave in CHT's possession or control. Upon termination of this Agreement, CHT shall immediately cease to use the Ehave Companion Solution and shall not use the Ehave Companion Solution for any purpose other than to provide Transition-out Services to End Users for the Transition-out Period. Upon termination of this Agreement, Ehave shall immediately cease to provide the Ehave Companion Solution to CHT and shall not provide the Ehave Companion Solution to CHT for any purpose other than to provide Transition-out Services to End Users for the Transition-out Period. Upon termination of this Agreement, CHT shall immediately return to Ehave all Confidential Information of Ehave in CHT's possession or control. Upon termination of this Agreement, CHT shall immediately cease to use the Ehave Companion Solution and shall not use the Ehave Companion Solution for any purpose other than to provide Transition-out Services to End Users for the Transition-out Period. Upon termination of this Agreement, Ehave shall immediately cease to provide the Ehave Companion Solution to CHT and shall not provide the Ehave Companion Solution to CHT for any purpose other than to provide Transition-out Services to","Confidential Information means this Agreement, the Ehave Companion Solution, End User Data and all ideas, designs, business models, databases, drawings, documents, diagrams, formulas, test data, marketing, financial or personnel data, sales information, customer or supplier information, including information provided by such customers or suppliers, or any other information already furnished and to be furnished or made available by one Party to the other, whether in oral, written, graphic or electronic form including any such information exchanged during informational sessions designated as confidential, including, without limitation, information concerning a Party's actual and potential customers and other Intellectual Property Rights of such Party, provided, however, that Confidential Information shall not include any data or information: (i) that, at the time of disclosure, is in or, after disclosure, becomes part of the public domain, through no act or failure on the part of the receiving Party, whether through breach of this Agreement or otherwise; (ii) that, prior to disclosure by the disclosing Party, was already in the possession of the receiving Party, as evidenced by written records kept by the receiving Party in the ordinary course of its business, or as evidenced by proof of actual prior use by the receiving Party; (iii) independently developed by the receiving Party, by Persons having no direct or indirect access to the disclosing Party’s Confidential Information provided that the receiving Party provides clear and convincing evidence of such independent development; (iv) which, subsequent to disclosure, is obtained from a third Person: (A) who is lawfully in possession of such information; (B) who is not in violation of any contractual, legal, or fiduciary obligation to either Party, as applicable, with respect to such information; and (C) who does not prohibit either Party from disclosing such information to others; or (v) is further disclosed with the prior written consent of the disclosing Party, but only to the extent of such consent.","NOTWITHSTANDING ANYTHING TO THE CONTRARY CONTAINED HEREIN, THE EXCLUSIVE APPOINTMENT AND LICENSE SET OUT IN SECTIONS 2(A) AND 2(B) SHALL BECOME NON-EXCLUSIVE IF: (I) AT ANY TIME DURING THE TERM HEREOF, CHT BREACHES SECTION 2(D) AS DETERMINED BY ARBITRATION IN ACCORDANCE WITH SECTION 19(C) OR BY A FINAL NON-APPEALABLE JUDGMENT OF A COURT OF COMPETENT JURISDICTION; OR (II) AT ANY TIME AFTER NOVEMBER 1, 2010 CHT FAILS TO ACHIEVE ANNUAL REVENUES OF $500,000. (F) NO FRANCHISE AGREEMENT THE PARTIES TO THIS AGREEMENT ARE INDEPENDENT CONTRACTORS AND NOTHING IN THIS AGREEMENT SHALL BE DEEMED OR CONSTRUCTED AS CREATING A JOINT VENTURE, PARTNERSHIP, AGENCY RELATIONSHIP, OR FRANCHISE BETWEEN EHAVE AND CHT. NEITHER PARTY, BY VIRTUE OF THIS AGREEMENT, WILL HAVE ANY RIGHT, POWER OR AUTHORITY TO ACT OR CREATE AN OBLIGATION, EXPRESS OR IMPLIED, ON BEHALF OF THE OTHER PARTY. EACH PARTY ASSUMES RESPONSIBILITY FOR THE ACTIONS OF THEIR PERSONNEL UNDER THIS AGREEMENT AND WILL BE SOLELY RESPONSIBLE FOR THEIR SUPERVISION, DAILY DIRECTION AND CONTROL, WAGE RATES, WITHHOLDING INCOME TAXES, CANADA PENSION PLAN CONTRIBUTIONS, EMPLOYMENT INSURANCE PREMIUMS, DISABILITY BENEFITS, OR THE MANNER AND MEANS THROUGH WHICH THE WORK UNDER THIS AGREEMENT WILL BE ACCOMPLISHED. EXCEPT AS PROVIDED OTHERWISE IN THIS AGREEMENT, CHT HAS THE SOLE DISCRETION TO DETERMINE CHT'S METHODS OF OPERATION, CHT'S ACCOUNTING PRACTICES, THE TYPES AND AMOUNTS OF INSURANCE CHT CARRIES, CHT'S PERSONNEL PRACTICES, CHT'S ADVERTISING AND PROMOTION, CHT'S CUSTOMERS AND CHT'S SERVICE AREAS AND METHODS. THE RELATIONSHIP CREATED HEREY BETWEEN THE PARTIES IS SOLELY THAT OF SUPPLIER AND RESSELLER, AND LICENSOR AND LICENSEE."
ElPolloLocoHoldingsInc_20200306_10-K_EX-10.16_12041700_EX-10.16_Development Agreement.pdf,"**Section 1:**
Developer is granted non-exclusive/exclusive development rights to establish and operate El Pollo Loco restaurants within a specified Territory, subject to the terms and conditions of the Agreement, including the execution of individual Franchise Agreements and payment of fees, royalties, and other required payments. Developer must submit proposed sites for approval, meet financial and operational criteria, and satisfy Franchisor's requirements for site evaluation and lease/purchase agreements.

**Section 2:**
Developer must submit proposed sites for approval by RESAC by the date set forth in Exhibit ""B"" and obtain a binding lease or purchase agreement for each site within sixty days after approval or by the Site Commitment Date. Developer pays a non-refundable Development Fee of $20,000 per El Pollo Loco Restaurant, which is applied against the initial franchise fee, and is required to obtain insurance coverage for public liability and worker's compensation insurance. Developer also agrees to indemnify and hold harmless Franchisor from and against any and all claims, lawsuits, and losses resulting from or pertaining to Developer's activities under the Development Agreement.

**Section 3:**
Developer must be owned and controlled by the same three persons with each retaining the same percentage of ownership, and any other entity structure requires prior written approval of Franchisor. Developer pays an administrative fee of $500 for each transfer and $2,500 for each new principal added to the Developer or Franchisee entity. Upon termination or expiration of the Agreement, Developer's development rights revert to El Pollo Loco, and Franchisor may open and/or operate restaurants in the Territory.

**Section 4:**
Developer agrees to not compete with El Pollo Loco by not owning more than 5% of any company that operates a self-service restaurant or fast-food business selling chicken and/or Mexican food products, which products individually or collectively represent more than 20% of the revenues from such business. In the event of a breach, El Pollo Loco may reduce the scope of this obligation and Developer consents to a preliminary and permanent injunction prohibiting any conduct in violation of the covenants not to compete. Developer must pay a development fee of $40,000 for the first restaurant, $30,000 for the second and third restaurants.","10. TERM OF DEVELOPMENT AGREEMENT. 10. The term of this Agreement shall commence on the date of execution of this Agreement and shall continue for a period of five (5) years from the date of execution of the first Franchise Agreement issued pursuant to this Agreement (the “Initial Term”). Upon expiration of the Initial Term, this Agreement shall automatically be extended for successive five (5) year periods (each, a “Renewal Term”) unless either party gives written notice of termination to the other at least ninety (90) days prior to the end of the Initial Term or any Renewal Term, as the case may be. The Initial Term and any Renewal Term may be terminated by either party upon written notice to the other as provided in Section 10.2 below. 10.2. Either party may terminate this Agreement upon written notice to the other if the other party shall be in default of any of the terms or conditions of this Agreement and such default shall continue for a period of thirty (30) days after written notice thereof to the defaulting party. 10.3. Upon termination of this Agreement, all rights and obligations of the parties hereunder shall cease and terminate, except as provided in Section 10.4 below. 10.4. The provisions of Sections 2.20, 3.1, 3.2, 3.3, 3.4, 3.5, 3.6, 3.7, 3.8, 3.9, 3.10, 3.11, 3.12, 3.13, 3.14, 3.15, 3.16, 3.17, 3.18, 3.19, 3.20, 3.21, 3.22, 3.23, 3.24, 3.25, 3.26, 3.27, 3.28, 3.29, 3.30, 3.31, 3.32, 3.33, 3.34, 3.35, 3.36, 3.37, 3.38, 3.39, 3.40, 3.41, 3.42, 3.43, 3.44, 3.45, 3.46, 3.47, 3.48, 3.49, 3.50, 3.51, 3.52, 3.53, 3.54, 3.55, 3.56, 3.57, 3.58, 3.59, 3.60, 3.61, 3.62, 3.63, 3.64, 3.65, 3.66, 3.67, 3.68, 3.69, 3.70, 3.71, 3.72, 3.73, 3.74, 3.75, 3.76, 3.77, 3.78, 3.79, 3.80, 3.81, 3.82, 3.83, 3.84, 3.85, 3.86, 3.87, 3.88, 3.89, 3.90, 3.91, 3.92, 3.93, 3.94, 3.95, 3.96, 3.97, 3.98, 3.99, 3.100, 3.101, 3.102, 3.103, 3.104, 3.105, 3.106, 3.107, 3.108, 3.109, 3.110, 3.111, 3.112, 3.113, 3.114, 3.115, 3.116, 3.117, 3.118, 3.119, 3.120, 3.121, 3.122, 3.123, 3.124, 3.125, 3.126, 3.127, 3.128, 3.129, 3.130, 3.131, 3.132, 3.133, 3.134, 3.135, 3.136, 3.137, 3.138, 3.139, 3.140, 3.141, 3.142, 3.143, 3.144, 3.145, 3.146, 3.147, 3.148, 3.149, 3.150, 3","Developer shall pay to Franchisor an additional Two Thousand Five Hundred Dollars ($2,500) per new principal to cover Franchisor’s administrative costs for reviewing the application and suitability of each new principal as participants in the franchise business. 9.1. Developer represents that it has read each of the terms and provisions of the current form of Franchise Agreement and acknowledges and is willing to agree to each and every obligation of Franchisee thereunder (as they may be modified in then-current forms of Franchise Agreement) including, but not limited to: a. The obligation to deliver execute Personal Guarantees or Investor Covenants Regarding Confidentiality and Non-Competition in connection with the execution of each franchise agreement for El Pollo Loco Restaurants to be developed under this Agreement; b. The obligation to obtain the consent of Franchisor to any security interests to be granted by Developer in the assets or business of the El Pollo Loco Restaurant to lenders or other financing sources in advance of any agreement to provide those security interests to such third parties; c. All in-term and post-term restrictive covenants; and d. All territorial rights, options and rights of first refusal retained by Franchisor under the franchise agreement. 14.1. This Agreement does not constitute Developer an agent, legal representative, joint venturer, partner, employee or servant of Franchisor for any purpose whatsoever, and it is understood between the parties hereto that Developer shall be an independent contractor and is in no way authorized to make any contract, agreement, warranty or representation on behalf of El Pollo Loco. The parties agree that this Agreement does not create a fiduciary relationship between them. 14.2. Under no circumstances shall Franchisor be liable for any act, omission, contract, debt, or any other obligation of Developer. Developer shall indemnify and save Franchisor harmless against any such claim and the cost of defending it arising directly or indirectly from or as a result of, or in connection with, Developer’s actions pursuant to this Agreement. 20.1. To further protect the El Pollo Loco System while this Agreement is in effect, Developer and each officer, director, shareholder, member, manager, partner and other equity owner, as applicable, of Developer, if Developer is an entity, shall neither directly nor indirectly own, operate, control or any financial interest in any other business which would constitute a “Competitive Business” (as hereinafter defined) without the prior written consent of Franchisor; provided further, that Franchisor may, as its sole and absolute right, consent to the Developer’s continued operation of any business already in existence and operating at the time of execution of this Agreement. In addition, Developer covenants that, except as otherwise approved in writing by the Franchisor, Developer shall not, for a continuous, uninterrupted period commencing upon the expiration, termination or assignment of this Agreement, regardless of the cause for termination, and continuing for two (2) years thereafter, either directly or indirectly, for itself, or through or on behalf of, or in conjunction with any person, partnership, corporation or other entity, own, operate, control or have any financial interest in any Competitive Business which is located or has outlets or restaurant units within the Territory. The foregoing shall not apply to operation of an El Pollo Loco restaurant by Developer pursuant to a Franchise Agreement with Franchisor or the ownership by Developer of less than five percent (5%) of the issued or outstanding stock of any company whose shares are listed for trading on any public exchange or on the over-the-counter market, provided that Developer does not control or become involved in the operations of any such company. For purposes of this Section 20.1, a Competitive Business shall mean a self-service restaurant or fast-food business which sells chicken and/or Mexican food products, which products individually or collectively represent more than twenty percent (20%) of the revenues from such self-service restaurant or fast-food business operated at any one location during any calendar quarter. A “Competitive Business” shall not include a full-service restaurant.","20.2. In the event that any provision of Section 20.1 above shall be determined by a court of competent jurisdiction to be invalid or unenforceable, this Agreement shall not be void, but such provision shall be limited to the extent necessary to make it valid and enforceable.

20.3. Developer understands and acknowledges that Franchisor shall have the right to reduce the scope of any obligation imposed on Developer by Section 20.1, without Developer’s consent, and that such modified provision shall be effective upon Developer’s receipt of written notice thereof.

20.4. Developer acknowledges that violation of the covenants not to compete contained in this Agreement would result in immediate and irreparable injury to Franchisor for which no adequate remedy at law will be available. Accordingly, Developer hereby consents to the entry of a preliminary and permanent injunction prohibiting any conduct by Developer in violation of the terms of those covenants not to compete set forth in this Agreement. Developer expressly agrees that it may conclusively be presumed that any violation of the terms of said covenants not to compete was accomplished by and through Developer’s unlawful utilization of Franchisor’s Confidential Information, know-how, methods and procedures"
EmbarkComInc_19991008_S-1A_EX-10.10_6487661_EX-10.10_Co-Branding Agreement.pdf,"**Section 1:**
Snap Technologies, Inc. and United Airlines, Inc. enter into a Co-Branding Agreement to develop and integrate travel-related content on the Snap Web Site, with United Airlines paying an up-front fee and quarterly fees for sponsorship placement and promotion of Snap's services, and Snap distributing marketing messages to its end users via email and other methods, with all goodwill arising from the use of each party's marks inuring solely to the benefit of the respective party.

**Section 2:**
This co-branding agreement between Snap Technologies and United Airlines, Inc. outlines the terms for their partnership, including the development of travel-related content, co-branded pages, and promotional activities. Key obligations include the creation of content by both parties, the inclusion of each other's branding and links on their respective websites, and the provision of advertising placements and travel credits. The agreement also includes provisions for confidentiality, intellectual property rights, and dispute resolution.","8.6 FORCE MAJEURE. Neither party shall be deemed to be in default of or to have breached any provision of this Agreement as a result of any delay, failure in performance or interruption of service, resulting directly or indirectly from acts of God, acts of civil or military authorities, civil disturbances, wars, strikes or other labor disputes, fires, transportation contingencies, interruptions in telecommunications or Internet services or network provider services, other catastrophes or any other occurrences which are beyond such party's reasonable control.","During the Term, and for a period of five (5) years thereafter, the receiving party will not disclose to others or use for any purpose of its own, other than in performance of this Agreement, any Confidential Information of the other party. Each party shall take, at a minimum, measures consistent with those taken to protect its own similar types of Confidential Information (and in any event, at least reasonable measures) to protect the other's Confidential Information against disclosures prohibited by this Agreement. Each party acknowledges that its breach of the provisions of this Section 8.1 [CONFIDENTIALITY] will result in immediate and irreparable harm to the other and that money damages alone would be inadequate to compensate such party. Therefore, in the event of a breach of this Section 8.1 [CONFIDENTIALITY] by either party the other party may, in addition to other remedies, immediately obtain and enforce injunctive relief prohibiting the breach or threatened breach or compelling specific performance. Notwithstanding any other provision of this Agreement, the restrictions set forth in this Section 8.1 [CONFIDENTIALITY] shall not apply to any information that: (i) is in or enters the public domain through no fault of the receiving party; (ii) is disclosed to the receiving party by a third party legally entitled to make such disclosure; (iii) is independently developed by the receiving party without reference to any Confidential Information of the other party; or (iv) is required to be disclosed by applicable law, regulation or order of any governmental authority; provided, that in such event, the receiving party shall provide the disclosing party with prior notice that is reasonable in the circumstances of such disclosure and shall use reasonable efforts to cooperate with the disclosing party to minimize the extent and scope of such disclosure.","6.1 WARRANTIES EXCLUDED. NEITHER PARTY MAKES ANY OTHER REPRESENTATIONS OR WARRANTIES OF ANY KIND, EXPRESS OR IMPLIED, IN CONNECTION WITH THIS AGREEMENT OR THE TRANSACTIONS CONTEMPLATED HEREBY. WITHOUT LIMITING THE GENERALITY OF THE FOREGOING: (A) SNAP MAKES NO REPRESENTATIONS OR WARRANTIES WITH RESPECT TO THE SNAP WEB SITE, SNAP BRAND FEATURES OR ANY OTHER ITEMS OR SERVICES PROVIDED BY SNAP, INCLUDING, WITHOUT LIMITATION, ANY IMPLIED WARRANTY ARISING BY USAGE OF TRADE, COURSE OF DEALING OR COURSE OF PERFORMANCE, ANY IMPLIED WARRANTY OF MERCHANTABILITY OR FITNESS FOR A PARTICULAR PURPOSE AND ANY IMPLIED WARRANTY OF NON-INFRINGEMENT; (B) SPONSOR ACKNOWLEDGES THAT THE SNAP WEB SITE (INCLUDING ANY SERVERS OR OTHER HARDWARE, SOFTWARE AND ANY OTHER ITEMS USED OR PROVIDED BY SNAP IN CONNECTION WITH THE SNAP WEB SITE) AND SNAP BRAND FEATURES ARE PROVIDED ""AS IS"" AND THAT SNAP MAKES NO WARRANTY THAT THE SNAP WEB SITE WILL BE FREE FROM BUGS, FAULTS, DEFECTS OR ERRORS OR THAT ACCESS TO THE SNAP WEB SITE WILL BE UNINTERRUPTED; (C) SPONSOR MAKES NO REPRESENTATIONS OR WARRANTIES WITH RESPECT TO THE SPONSOR WEB SITE, CO-BRANDING AGREEMENT PAGE 5 SNAP CONFIDENTIAL * Portions of this exhibit have been omitted and filed separately with the Commission pursuant to a request for confidential treatment under Rule 406. SPONSOR BRAND FEATURES OR ANY OTHER ITEMS OR SERVICES PROVIDED BY SPONSOR, INCLUDING, WITHOUT LIMITATION, ANY IMPLIED WARRANTY ARISING BY USAGE OF TRADE, COURSE OF DEALING OR COURSE OF PERFORMANCE, ANY IMPLIED WARRANTY OF MERCHANTABILITY OR FITNESS FOR A PARTICULAR PURPOSE AND ANY IMPLIED WARRANTY OF NON-INFRINGEMENT; AND (D) SNAP ACKNOWLEDGES THAT THE SPONSOR WEB SITE (INCLUDING ANY SERVERS OR OTHER HARDWARE, SOFTWARE AND ANY OTHER ITEMS USED OR PROVIDED BY SPONSOR IN CONNECTION WITH THE SPONSOR WEB SITE) AND SPONSOR BRAND FEATURES ARE PROVIDED ""AS IS"" AND THAT SPONSOR MAKES NO WARRANTY THAT THE SPONSOR WEB SITE WILL BE FREE FROM BUGS, FAULTS, DEFECTS OR ERRORS OR THAT ACCESS TO THE SPONSOR WEB SITE WILL BE UNINTERRUPTED. 6.2 LIMITATION OF LIABILITY. NEITHER PARTY WILL HAVE ANY LIABILITY FOR, AND EACH PARTY HEREBY WAIVES AND DISCLAIMS, ANY AND ALL CLAIMS AND CAUSES OF ACTION AGAINST THE OTHER PARTY, WHETHER IN CONTRACT, TORT (INCLUDING, WITHOUT LIMITATION, NEGLIGENCE AND STRICT LIABILITY), WARRANTY OR OTHERWISE, RELATING TO ANY INDIRECT, CONSEQUENTIAL OR EXEMPLARY DAMAGES, IN EACH CASE, ARISING OUT OF OR IN CONNECTION WITH THIS AGREEMENT (INCLUDING ANY BREACH HEREOF) OR ANY OF THE TRANSACTIONS CONTEMPLATED HEREBY."
ExactSciencesCorp_20180822_8-K_EX-10.1_11331629_EX-10.1_Promotion Agreement.pdf,"**Section 1:**
Exact Sciences Corporation and Pfizer Inc. agree to a promotion agreement where Exact desires to leverage Pfizer's expertise in sales, marketing, and other core capabilities for its product in the United States, and Pfizer desires to provide such expertise and invest in Exact's promotion of the product. The agreement outlines key obligations, including Pfizer's responsibility for product promotion, detailing efforts, and investment, as well as Exact's responsibility for product ownership and marketing. The agreement also specifies financial terms, including a promotion fee and shared expenses.

**Section 2:**
The contract primarily outlines the terms of a marketing agreement between Exact Sciences Corp and Pfizer, with a focus on the promotion of a medical device called ""COLOGUARD"" for colorectal neoplasia detection. Key obligations include the establishment of a Joint Steering Committee to oversee the implementation of an annual marketing plan, which outlines promotional activities and budget allocations. The agreement also defines various terms, including ""Government Official,"" ""Gross Margin,"" and ""Promotion Fee,"" and specifies the roles and responsibilities of the parties involved.

**Section 3:**
The Joint Steering Committee (JSC) oversees the Joint Operations Committee (JOC) and Joint Review Committee (JRC), ensuring compliance with the Annual Marketing Plan and Applicable Laws. The JSC, JOC, and JRC make decisions by unanimous agreement, with disputes escalated to the Alliance Managers and Senior Officers for resolution. The JOC prepares the Annual Marketing Plan, reviews Product Marketing strategies, and allocates Baseline M&P Expenses and Shared M&P Expenses. The JRC reviews and approves Promotional Materials, ensuring compliance with Applicable Laws and each Party's Applicable Compliance/Review Policies.

**Section 4:**
Pfizer and Exact Sciences Corp have a licensing agreement where Pfizer shall have no rights to the Product except as expressly authorized under this Agreement, and Exact retains all rights in and relating to the Product, including proprietary and property interests. Exact is responsible for manufacturing, research and development, intellectual property defense, product liability claims, and government investigations related to the Product. The Parties shall collaborate on establishing and maintaining a sufficient number of Sales Representatives to Promote the Product, and Exact shall provide Product Training to Pfizer's Sales Representatives.

**Section 5:**
Exact Sciences Corporation and Pfizer shall collaborate on promotional activities for the Product, with Exact responsible for creating and utilizing approved promotional materials, and Pfizer committing to a minimum of $12 million in Baseline M&P Expense each Calendar Quarter, with a total of $80 million annually, and matching Exact's Shared M&P Expense up to $24 million in 2018, $22 million in 2019, $21 million in 2020, and $20 million in 2021.

**Section 6:**
Exact shall provide a written report to Pfizer each month, detailing Baseline M&P Expenses and Shared M&P Expenses incurred and paid by Exact, with sufficient itemization for Pfizer to confirm these expenses were incurred pursuant to the Annual Marketing Plan. Pfizer shall provide a written report to Exact each month, detailing Shared M&P Expenses incurred and paid by Pfizer. Exact owes Pfizer a service fee equal to 50% of Incremental Laboratory Service Revenue multiplied by Gross Margin Percent, with a minimum Gross Margin Percent of 68% and a maximum of 74%.

**Section 7:**
Each Party represents and warrants to the other that it will comply with all Applicable Laws, including those related to healthcare, trade, and ethics, and will maintain a compliance and ethics program to prevent and detect violations of such laws.

**Section 8:**
Each Party agrees to indemnify the other for Claims arising out of their respective obligations, with Exact indemnifying Pfizer for Product-related Claims and Pfizer indemnifying Exact for breach of representations and warranties. Both Parties must maintain commercial general liability insurance with minimum $5 million coverage. Liability is limited except for indemnification obligations, breaches of Section 7, and willful misconduct or gross negligence.

**Section 9:**
The contract outlines the terms of a business agreement between Pfizer and Exact Sciences Corporation, with a focus on advertising services for a product. Key obligations include Exact paying a royalty rate of 2% to Pfizer during the term, and Pfizer providing advertising services with a six-month notice period. The contract also specifies the consequences of termination, including the cessation of commitments and the obligation to pay financial commitments made by Pfizer.","This Agreement may be terminated at any time by either Party effective: (a)upon thirty (30) days prior written notice if the other Party fails to make the required investments pursuant to Sections 3.5 or 3.6, as applicable, or pay any amount properly due under this Agreement; provided that neither Party may terminate if the failure of the other Party to meet the investment requirements under Sections 3.5 or 3.6, as applicable, is de minimis or not material; provided, further, that any such termination shall only become effective if the allegedly breaching Party fails to remedy or cure such breach or default prior to the end of such thirty (30) day period. If, prior to the end of such thirty (30) day period, the allegedly breaching Party remedies or cures such breach or default to the reasonable satisfaction of the non-breaching Party, this Agreement shall remain in full force and effect; (b)upon sixty (60) days prior written notice if the other Party materially breaches its representations, warranties or obligations under this Agreement; provided, however, that any such termination shall only become effective if the allegedly breaching Party fails to remedy or cure such breach or default prior to the end of such sixty (60) day period. If, prior to the end of such sixty (60) day period, the allegedly breaching Party remedies or cures such breach or default to the reasonable satisfaction of the non-breaching Party, this Agreement shall remain in full force and effect; (c)immediately upon the filing or institution of bankruptcy, reorganization, liquidation or receivership proceedings, or upon an assignment of a substantial portion of the assets for the benefit of creditors by the other Party; provided, however, that in the case of any involuntary bankruptcy proceeding such right to terminate shall only become effective if the Party consents to the involuntary bankruptcy; or (d)immediately upon notice to the other Party, if such Party (the “Violating Party”) is convicted of violating any Applicable Law, including applicable anti-corruption laws, bribery and corruption of public officials as well as private persons and entities, in connection with its activities under this Agreement and such violation materially adversely affects the ability of either Party to perform its obligations under this Agreement. The Violating Party shall be liable for damages or remedies as provided by law. This Agreement may be terminated at any time by either Party upon six (6) months prior written notice to the other Party. This Agreement may be terminated at any time by mutual written consent of the Parties. This Agreement may be terminated by either Party upon six (6) months written notice following a Change of Control of Exact; provided that such notice is given within thirty (30) days of the consummation of such Change of Control.","7.1 Confidentiality.  The Parties agree that all Confidential Information disclosed by one Party to the other Party in connection with this Agreement shall be kept confidential and not disclosed to any third party without the prior written consent of the Disclosing Party.  The obligations of confidentiality set forth in this Section 7.1 shall survive the termination of this Agreement for a period of five (5) years.  The obligations of confidentiality set forth in this Section 7.1 shall not apply to any Confidential Information that is or becomes publicly known through no fault of the Receiving Party, or that is rightfully disclosed to the Receiving Party by a third party who has the right to make such disclosure without violating any confidentiality obligation, or that is independently developed by the Receiving Party without access to the Confidential Information, or that is required to be disclosed by law or by any governmental or regulatory authority, or that is disclosed in response to a valid order of a court or other governmental authority.  The Receiving Party shall promptly notify the Disclosing Party upon learning that any Confidential Information has become publicly known or has been disclosed in violation of this Section 7.1.  The Receiving Party shall use the same degree of care that it uses to protect its own confidential information (but in no event less than reasonable care) to protect the Confidential Information of the Disclosing Party.  The Receiving Party shall not use any Confidential Information for any purpose other than as permitted under this Agreement.  The Receiving Party shall not reproduce any Confidential Information except as necessary to achieve the purposes for which such Confidential Information is disclosed.  The Receiving Party shall not remove or alter any legend or notice of confidential information that appears on any Confidential Information.  The Receiving Party shall not disclose any Confidential Information to any Affiliate of the Receiving Party without the prior written consent of the Disclosing Party.  The Receiving Party shall not use any Confidential Information to compete with the Disclosing Party or to develop any product or service that competes with the Disclosing Party.  The Receiving Party shall not use any Confidential Information to solicit or induce any employee or independent contractor of the Disclosing Party to leave the employ of the Disclosing Party.  The Receiving Party shall not use any Confidential Information to solicit or induce any customer or supplier of the Disclosing Party to terminate its relationship with the Disclosing Party.  The Receiving Party shall not use any Confidential Information to solicit or induce any Government Official to take any action that would be contrary to the interests of the Disclosing Party.  The Receiving Party shall not use any Confidential Information to solicit or induce any Government Official to disclose any confidential information of the Disclosing Party.  The Receiving Party shall not use any Confidential Information to solicit or induce any Government Official to take any action that would be contrary to the interests of the Disclosing Party.  The Receiving Party shall not use any Confidential Information to solicit or induce any Government Official to disclose any confidential information of the Disclosing Party.  The Receiving Party shall not use any Confidential Information to solicit or induce any Government Official to take any action that would be contrary to the interests of the Disclosing Party.  The Receiving Party shall not use any Confidential Information to solicit or induce any Government Official to disclose any confidential information of the Disclosing Party.  The Receiving Party shall not use any Confidential Information to solicit or induce any Government Official to take any action that would be contrary to the interests of the Disclosing Party.  The Receiving Party shall not use any Confidential Information to solicit or induce any Government Official to disclose any confidential information of the Disclosing Party.  The Receiving Party shall not use any Confidential Information to solicit or induce any Government Official to take any action that would be contrary to the interests of the Disclosing Party.  The Receiving Party shall not use any Confidential Information to solicit or induce any Government Official to disclose any confidential information of the Disclosing Party.  The Receiving Party shall not use any Confidential Information to solicit or induce any Government Official to take any action that would be contrary to the interests of the Disclosing Party.  The Receiving Party shall not use any Confidential Information to solicit or induce any Government Official to disclose any confidential information of the Disclosing Party.  The Receiving Party shall not use any Confidential Information to solicit or induce any Government Official to take any action that would be contrary to the interests of the Disclosing Party.  The Receiving Party shall not use any Confidential Information to solicit or induce any Government Official to disclose any confidential information of the Disclosing Party.  The Receiving Party shall not use any Confidential Information to solicit or induce any Government Official to take any action that would be contrary to the interests of the Disclosing Party.  The Receiving Party shall not use any Confidential Information to solicit or induce any Government Official to disclose any confidential information of the Disclosing Party.  The Receiving Party shall not use any Confidential Information to solicit or induce any Government Official to take any action that would be contrary to the interests of","6. INDEMNIFICATION; LIMITATION OF LIABILITY AND INSURANCE. 6.1 Indemnification. (a) Indemnification by Exact. Exact shall indemnify, defend and hold Pfizer, its Affiliates and their respective Representatives harmless from and against any and all claims, demands, losses, liabilities, damages, judgments, settlements, penalties, fines, costs and expenses (including reasonable attorneys' fees and expenses) (collectively, ""Claims"") arising out of or related to (i) any breach or alleged breach of this Agreement by Exact, (ii) any act or omission of Exact or its Representatives in connection with this Agreement, (iii) any claim or demand made by a third party against Pfizer, its Affiliates or their respective Representatives based on or arising out of (A) the manufacture, use, sale, importation, promotion, marketing, sale, offer for sale or distribution of the Product, (B) the provision of Product Laboratory Services, or (C) the performance of any obligations under this Agreement, (iv) any failure by Exact to comply with any Applicable Laws, or (v) any failure by Exact to maintain any compliance and ethics program, internal accounting controls, or other policies and procedures required under this Agreement. 6.2 Indemnification by Pfizer. Pfizer shall indemnify, defend and hold Exact, its Affiliates and their respective Representatives harmless from and against any and all Claims arising out of or related to (i) any breach or alleged breach of this Agreement by Pfizer, (ii) any act or omission of Pfizer or its Representatives in connection with this Agreement, (iii) any claim or demand made by a third party against Exact, its Affiliates or their respective Representatives based on or arising out of (A) the manufacture, use, sale, importation, promotion, marketing, sale, offer for sale or distribution of the Product, (B) the provision of Product Laboratory Services, or (C) the performance of any obligations under this Agreement, (iv) any failure by Pfizer to comply with any Applicable Laws, or (v) any failure by Pfizer to maintain any compliance and ethics program, internal accounting controls, or other policies and procedures required under this Agreement. 6.3 Procedure for Indemnification. (a) The indemnifying Party shall promptly notify the indemnified Party in writing of any Claim for which the indemnifying Party is obligated to indemnify the indemnified Party. (b) The indemnifying Party shall have the right, at its option, to defend or settle any Claim for which it is obligated to indemnify the indemnified Party. (c) The indemnified Party shall cooperate with the indemnifying Party in the defense or settlement of any Claim for which the indemnifying Party is obligated to indemnify the indemnified Party. (d) The indemnifying Party shall pay all costs and expenses (including reasonable attorneys' fees and expenses) incurred by the indemnified Party in connection with the defense or settlement of any Claim for which the indemnifying Party is obligated to indemnify the indemnified Party. 6.4 Limitation of Liability. (a) IN NO EVENT SHALL EITHER PARTY BE LIABLE TO THE OTHER PARTY FOR ANY INDIRECT, SPECIAL, PUNITIVE, INCIDENTAL, CONSEQUENTIAL OR EXEMPLARY DAMAGES, INCLUDING LOST PROFITS, LOST REVENUES, LOST BUSINESS OR OPPORTUNITIES, OR OTHER ECONOMIC LOSS, ARISING OUT OF OR RELATED TO THIS AGREEMENT, EVEN IF SUCH PARTY HAS BEEN ADVISED OF THE POSSIBILITY OF SUCH DAMAGES. (b) IN NO EVENT SHALL EITHER PARTY BE LIABLE TO THE OTHER PARTY FOR ANY DAMAGES ARISING OUT OF OR RELATED TO THIS AGREEMENT, EXCEPT TO THE EXTENT SUCH DAMAGES ARE DIRECTLY AND SOLELY CAUSED BY THE GROSS NEGLIGENCE OR WILLFUL MISCONDUCT OF SUCH PARTY. (c) IN NO EVENT SHALL EITHER PARTY BE LIABLE TO THE OTHER PARTY FOR ANY DAMAGES ARISING OUT OF OR RELATED TO THIS AGREEMENT, EXCEPT TO THE EXTENT SUCH DAMAGES ARE DIRECTLY AND SOLELY CAUSED BY THE BREACH OF A FUNDAMENTAL OBLIGATION OF THIS AGREEMENT. 6.5 Liability Cap. (a) IN NO EVENT SHALL EITHER PARTY BE LIABLE TO THE OTHER PARTY FOR ANY DAMAGES ARISING OUT OF OR RELATED TO THIS AGREEMENT, EXCEPT TO THE EXTENT SUCH DAMAGES DO NOT EXCEED THE AGGREGATE AMOUNT OF $10,000,000. (b) THE AGGREGATE LIABILITY OF EACH PARTY UNDER THIS AGREEMENT SHALL NOT EXCEED THE AGGREGATE AMOUNT OF $10,000,000. 6.6 Exclusions of Specific Types of Damages. (a) IN NO EVENT SHALL EITHER PARTY BE LIABLE TO THE OTHER PARTY FOR ANY DAMAGES ARISING OUT OF OR RELATED TO THIS AGREEMENT, EXCEPT TO THE EXTENT SUCH DAMAGES DO NOT INCLUDE (I) ANY CLAIMS FOR PUNITIVE, SPECIAL, INCIDENTAL, CONSEQUENTIAL OR EXEMPLARY DAMAGES, (II) ANY CLAIMS"
FEDERATEDGOVERNMENTINCOMESECURITIESINC_04_28_2020-EX-99.SERV AGREE-SERVICES AGREEMENT_AMENDMENT.pdf,"**Section 1:**
This Amendment to the Services Agreement, dated March 30, 2009, amends the services provided by Federated Advisory Services Company to Federated Investment Management Company, with the key change being the addition of coordination of client portfolios and related fixed income trade execution implementation and administration services for non-registered investment company accounts. The amendment replaces the existing ""Administration and Risk Management"" section in Exhibit A and becomes effective upon execution. The Services Agreement remains in full force and effect for both registered and non-registered accounts.","This Amendment may be terminated by either party upon written notice to the other party in the event of a material breach of this Amendment or the Services Agreement by the other party, which breach remains uncured for a period of thirty (30) days after receipt of written notice thereof.","Employees of Federated Advisory Services Company provide support to portfolio managers and other employees of affiliated advisers. Such services may include development of risk management programs, production of portfolio and compliance reports for clients and/or fund Boards, coordination of client portfolios and related fixed income trade execution implementation and administration, completion of required broker and custody documentation, development and documentation of operational procedures, coordination of proxy voting activities, on-site support of hardware and software, etc.",NONE
FEDERATEDGOVERNMENTINCOMESECURITIESINC_04_28_2020-EX-99.SERV AGREE-SERVICES AGREEMENT_SECONDAMENDMENT.pdf,"**Section 1:**
The Adviser and FASC amend the Services Agreement to provide FASC with the authority to offer equity trading and transaction settlement, fundamental analysis, and quantitative analysis services to the Adviser when acting as adviser or sub-adviser with respect to Accounts that trade in equity securities, equity derivatives, and other related equity investments.","This Second Amendment shall be effective as of the date first above written upon its execution and delivery by each of the parties hereto. The Services Agreement, as amended by the Amendment and this Second Amendment with respect to Accounts for which the Adviser trades in equity securities, equity derivatives and other related equity investments as part of the investment strategy for the Account, shall remain in full force and effect. The Services Agreement, as amended by the Amendment, also shall remain in full force and effect without this Second Amendment with respect to Accounts for which the Adviser does not trade in equity securities, equity derivatives and other related equity investments as part of the investment strategy for the Account.","Upon completion of a transaction, the transaction settlement group works with the broker and the account custodian to ensure timely and accurate exchange of securities and monies.","IN WITNESS WHEREOF, the parties hereto, intending to be legally bound, agree as follows: 1. Second Amendment to Exhibit A to Services Agreement. Exhibit A to the Services Agreement shall be, and here by is, supplemented with the following: “4. Fundamental Analysis. The equity investment analysts provide independent research and analysis of specific companies within a sector. Typically, analysis includes review of published reports, interviews of company management, on-site observation of company operations, and the use of various financial models. In addition, analysts read trade journals, attend industry conferences, and focus on trends within the sector and industry. Based on this proprietary analysis, the analyst makes buy, sell or hold recommendations to the Adviser. 5. Quantitative Analysis. Quantitative analysts develop and apply financial models designed to enable equity portfolio managers and fundamental analysts to screen potential and current investments, assess relative risk and enhance performance relative to benchmarks and peers. To the extent that such services are to be provided with respect to any Account which is a registered investment company, Categories 3, 4 and 5 above shall be treated as “investment advisory services” for purposes of Section 5(b) of the Agreement.”"
FerroglobePlc_20150624_F-4A_EX-10.20_9154746_EX-10.20_Outsourcing Agreement.pdf,"**Section 1:**
Silicon Smelters and ESPACIO INFORMATION TECHNOLOGY, SA. enter into an outsourcing agreement effective January 1, 2009, for the provision of IT management services to Silicon Smelters. The agreement outlines the scope of services, including network management, server maintenance, application support, and standard software licenses. EIT commits to providing a high service level, monitoring, and maintenance of its IT environment, as well as ensuring the confidentiality and security of the information. The total annual amount to be paid by Silicon Smelters is TWO HUNDRED THOUSAND EUROS (200,000 €), subject to annual revision based on the Spanish Consumer Price Index.

**Section 2:**
The contract governs the provision of IT services by EIT to Silicon Smelters, with a focus on maintaining a modern IT environment, ensuring quality control, and providing data and backup security. The agreement is governed by Spanish law and is renewable annually, with either party able to terminate it upon three months' notice. In case of termination, EIT will pay the customer €3,000 for non-performance, and the customer will pay EIT €3,000 for termination. The contract also outlines confidentiality and data protection obligations, as well as a supervision commission to resolve conflicts and interpret the agreement.","13.2. The Agreement rests, for all that, cancellable at any time by any of the parties before the expiry date of the Agreement or any of its renewals, upon three months prior written notice.

14.1. The Customer can cancel, on its own accord, the present Agreement upon certified notice to EIT, in the following cases:

14.1.1. If there is a repeated interruption, by EIT, of the services convened in this Agreement, for a period of four working days.

14.1.2. Upon the institution, by or against EIT, of insolvency, receivership or bankruptcy proceedings or any other proceedings for the settlement of its debts.

14.1.3. Non-performance by EIT of its contractual obligations and warranties, assumed in the present Agreement.

14.1.4. Absorption or fusion of EIT by other companies. In this case, the Customer can decide if he wants to continue working with the new company, which will have to continue rendering all the services convened in this Agreement, in the same conditions.

14.2. For simple convenience.

14.2.1. In case the Customer cancels the Agreement in accordance with Articles 13.1, 13.2, EIT will pay the Customer the amount of 3.000 €, for the non observance of the Agreement of which it is responsible.

14.2.2. In case of termination of this Agreement by the Customer according to Article 13.5, the Customer will pay EIT the amount of 3.000 €.","11.1. PROTECTION AND CONFIDENTIALITY OF DATA 11.1.1. Confidential Information means any information disclosed by either party in the frame of this Agreement. In consequence, each party agrees not to use, disclose, publish or disseminate any Confidential Information of the other party for any purpose except to perform its obligations or exercise its rights under this Agreement, except: 11.1.1.1. Following prior consent of the other party, or 11.1.1.2. If the information was in the public domain at the time it was disclosed or becomes in the public domain through no act or omission of the Receiving Party. 11.1.2. Any of these exceptions will not be presumed in any case, and the revealing party must clear any doubt to this respect. 11.1.3. Both parties shall take reasonable precautions to preserve in strict confidence any confidential or proprietary information obtained by them, their agents, employees, subcontractors, suppliers, consultants, and in general, any person that has access to it. 11.1.4. Confidential Information includes any technical, economic, financial and/or commercial information, confidential or not, bearing in any commercial relationship and in general, without any limitation, any information to which any of the parties has access during the application, in the frame of this Agreement. 11.1.5. Except as provided hereinafter, for a period of five years after termination or expiration of this Agreement, each party shall not disclose, publish or disseminate information received from the other party which may be required to carry out this Agreement and which the disclosing party deems proprietary and confidential. 11.1.6. Once this Agreement has expired, each party must, depending on the choice of the other party, destroy or hand over all technical, economic, financial or commercial information, confidential or not, in its possession, directly or indirectly, as convened in the present Agreement.","10. LIABILITY 10.1. EIT is responsible for any damages caused to the Customer or to third parties, 10.2. The Customer is responsible for any damages caused to EIT or to third parties, 10.3. The Customer and EIT will not be liable for any indirect, special, incidental, consequential or punitive damages, including but not limited to loss of business, loss of profits, loss of data, loss of use, loss of goodwill, business interruption, or other economic loss, arising out of or in connection with this Agreement, even if EIT or the Customer has been advised of the possibility of such damages, 10.4. The Customer and EIT will not be liable for any damages caused by the failure or delay of EIT or the Customer to perform any of their obligations under this Agreement, 10.5. The Customer and EIT will not be liable for any damages caused by the use of the services or the software provided by EIT, 10.6. The Customer and EIT will not be liable for any damages caused by the failure or delay of EIT or the Customer to provide any of the services or software, 10.7. The Customer and EIT will not be liable for any damages caused by the use of the services or software provided by EIT, 10.8. The Customer and EIT will not be liable for any damages caused by the failure or delay of EIT or the Customer to provide any of the services or software, 10.9. The Customer and EIT will not be liable for any damages caused by the use of the services or software provided by EIT, 10.10. The Customer and EIT will not be liable for any damages caused by the failure or delay of EIT or the Customer to provide any of the services or software, 10.11. The Customer and EIT will not be liable for any damages caused by the use of the services or software provided by EIT, 10.12. The Customer and EIT will not be liable for any damages caused by the failure or delay of EIT or the Customer to provide any of the services or software, 10.13. The Customer and EIT will not be liable for any damages caused by the use of the services or software provided by EIT, 10.14. The Customer and EIT will not be liable for any damages caused by the failure or delay of EIT or the Customer to provide any of the services or software, 10.15. The Customer and EIT will not be liable for any damages caused by the use of the services or software provided by EIT, 10.16. The Customer and EIT will not be liable for any damages caused by the failure or delay of EIT or the Customer to provide any of the services or software, 10.17. The Customer and EIT will not be liable for any damages caused by the use of the services or software provided by EIT, 10.18. The Customer and EIT will not be liable for any damages caused by the failure or delay of EIT or the Customer to provide any of the services or software, 10.19. The Customer and EIT will not be liable for any damages caused by the use of the services or software provided by EIT, 10.20. The Customer and EIT will not be liable for any damages caused by the failure or delay of EIT or the Customer to provide any of the services or software, 10.21. The Customer and EIT will not be liable for any damages caused by the use of the services or software provided by EIT, 10.22. The Customer and EIT will not be liable for any damages caused by the failure or delay of EIT or the Customer to provide any of the services or software, 10.23. The Customer and EIT will not be liable for any damages caused by the use of the services or software provided by EIT, 10.24. The Customer and EIT will not be liable for any damages caused by the failure or delay of EIT or the Customer to provide any of the services or software, 10.25. The Customer and EIT will not be liable for any damages caused by the use of the services or software provided by EIT, 10.26. The Customer and EIT will not be liable for any damages caused by the failure or delay of EIT or the Customer to provide any of the services or software, 10.27. The Customer and EIT will not be liable for any damages caused by the use of the services or software provided by EIT, 10.28. The Customer and EIT will not be liable for any damages caused by the failure or delay of EIT or the Customer to provide any of the services or software, 10.29. The Customer and EIT will not be liable for any damages caused by the use"
GlobalTechnologiesGroupInc_20050928_10KSB_EX-10.9_4148808_EX-10.9_Content License Agreement.pdf,"**Section 1:**
This Content License Agreement is between Global Music International, Inc. d/b/a Independent Music Network (IMNTV) and Distributor, MobileVision Communications Ltd., for the distribution of IMNTV's Programming in China. The initial term is twelve months, with the option to extend for additional one-year terms. Distributor will provide services to market, launch, and distribute the Programming, including fulfillment, customer support, and hosting services, while IMNTV grants non-exclusive rights to copy, store, host, and stream the Programming. The agreement specifies fees and royalties, with Distributor paying 55% of subscriber revenue to IMNTV on a quarterly basis.

**Section 2:**
The contract outlines the payment terms between IMNTV and Distributor, with payments made in US Dollars on a quarterly basis upon receipt from wireless carriers in the Territory, except for the first and last payments which have specific timing. Payments are exclusive of trial or promotional periods and refunds, charge backs, and fees attributable to contested credit card transactions.

**Section 3:**
IMNTV will provide music video content to China Unicom Tianjin's streaming service through MobileVision, with a pilot program running for two to three months without charge, after which revenue sharing and payment terms will take effect, subject to carrier pricing policy and IMNTV's acceptance.","Either party may terminate the Agreement at any time in the event of a material breach by the other party that remains uncured after thirty (30) days written notice of the breach. 7.2 Termination for Programming Deficiency. Distributor reserves the right to issue a warning immediately to Subscribers, to temporarily or indefinitely suspend the availability of the Programming, or to terminate this Agreement (the “Remedies”) if IMNTV breaches this Agreement. In the event that Distributor exercises any of its rights set forth in this Section 7.2, Distributor will notify IMNTV of the Programming Deficiency, Distributor’s elected Remedy, and the available cure options, and will provide IMNTV with a reasonable period of time in which IMNTV may cure the Programming Deficiency (the “Cure Period”). During the Cure Period, if commercially reasonable, the Distributor may help IMNTV cure the Programming Deficiency, but is under no affirmative obligation to do so. If IMNTV fails to cure the Programming Deficiency within the Cure Period, Distributor may terminate this Agreement immediately upon written notice. In the event of a suspension or termination under this Section 7.2, Distributor will notify Subscribers that the Programming is no longer available. Distributor will be solely liable for any refunds pertaining to the Programming that are issued to Subscribers as a result of termination under this Section 7.2. 7.3 Termination for Bankruptcy/Insolvency. Either party may terminate this Agreement immediately following written notice to the other party if the other party: (a) ceases to do business in the normal course; (b) becomes or is declared insolvent or bankrupt; (c) is the subject of any proceeding related to its liquidation or insolvency (whether voluntary or involuntary) which is not dismissed within ninety (90) calendar days; or (d) makes an assignment for the benefit of creditors.","9.3 Confidentiality. The parties acknowledge that Confidential Information is valuable and unique and that disclosure in breach of this confidentiality provision will result in irreparable injury to its owner. From the Effective Date and for a period of two (2) years from the date of termination or expiration of this Agreement, neither party will use, disclose, or permit any person to obtain any Confidential Information of the other party. If either party receives a request from any third party for the Confidential Information of the other party, or if such party is directed to disclose any portion of any Confidential Information of the other party by operation of law or in connection with a judicial or governmental proceeding or arbitration, it will immediately notify the other party and will assist the other party in seeking a suitable protective order or assurance of confidential treatment to preserve the confidentiality of any such Confidential Information. If either party breaches or threatens to breach the terms of this confidentiality provision, the non-breaching party will be entitled to an injunction prohibiting any such breach. Any such relief will be in addition to and not in lieu of any appropriate relief in the way of money damages.","8.4 Disclaimer of Warranties. EXCEPT AS EXPRESSLY SET FORTH HEREIN, NEITHER PARTY MAKES ANY WARRANTIES OR REPRESENTATIONS RELATING TO THE SUBSCRIPTION PRODUCTS, OR THE LIKELIHOOD OF SUCCESS OF THE PROGRAMMING, THE MOBILE NTENT PRODUCT, OR ANY BUNDLE. TO THE MAXIMUM EXTENT PERMITTED BY APPLICABLE LAW, IMNTV FURTHER DISCLAIMS ALL WARRANTIES IN THE SUBSCRIPTION PRODUCTS, INCLUDING WITHOUT LIMITATION ANY IMPLIED WARRANTIES OF MERCHANTABILITY, FITNESS FOR A PARTICULAR PURPOSE, AND NONINFRINGEMENT. 8.5 Limitation of Liability. NO PARTY WILL BE LIABLE TO THE OTHER PARTY IN TORT, CONTRACT OR UNDER ANY OTHER LEGAL THEORY FOR ANY CONSEQUENTIAL, INDIRECT, INCIDENTAL, PUNITIVE OR SPECIAL LOSS OR DAMAGES ARISING OUT OF THIS AGREEMENT, EVEN IF APPRISED OF THE LIKELIHOOD OF SUCH DAMAGES OCCURRING. IN NO EVENT WILL IMNTV’S LIABILITY TO DISTRIBUTOR UNDER THIS AGREEMENT EXCEED THE AMOUNT ACTUALLY DUE TO IMNTV HEREIN."
GluMobileInc_20070319_S-1A_EX-10.09_436630_EX-10.09_Content License Agreement1.pdf,"**Section 1:**
Fox grants Licensee a limited, exclusive right to use, develop, and distribute wireless applications based on Twentieth Century Fox Film Corporation's entertainment properties, including developing and publishing wireless products for mobile/cellular telephones, with Licensee obligated to create, develop, and publish the wireless products, and Fox retaining rights to develop, publish, and distribute other wireless products or content derived from the properties.

**Section 2:**
Licensee shall deliver Wireless Products to VGSL and other Licensed CSPs before the initial theatrical release of each Property, and to other Licensed CSPs within mandated time frames, to enable release prior to the initial theatrical release. If Licensee fails to make Wireless Products commercially available by the Wireless Products Latest Commencement Date, Fox may terminate the Agreement and revert rights to Fox. Licensee shall use commercially reasonable efforts to secure distribution of Wireless Products through CSPs and ensure they are available on all medium and high volume handsets of all Licensed CSPs.

**Section 3:**
Fox agrees to pay Licensee a royalty of ***** percent of Fox's gross receipts for any activity in Japan, which shall be defined as all monies actually received by Fox for the Wireless Products or other elements of the PSM, less any Deductions.

**Section 4:**
Licensee will be responsible for determining the prices and/or fees at which the Wireless Products will be offered for sale to the general public, but will do so in accordance with Licensee's agreements with the CSPs. Fox will retain exclusive ownership of all Intellectual Property Rights in and to the Wireless Products, including the ""look and feel"" of the products, and Licensee will not have the right to use Fox's trademarks or trade names except in connection with the promotion and distribution of the Wireless Products.

**Section 5:**
This Wireless Content License Agreement between Licensee (Sorrent, Inc.) and Fox grants Fox the right to create and exploit wireless products based on the Properties, with Licensee obligated to pay Royalties and indemnify Fox from third-party claims of infringement or misappropriation of Intellectual Property Rights. Upon termination, Licensee must stop distributing the Wireless Products, provide Fox with an inventory report and payment of all Royalties, and either deliver or destroy all materials related to the Wireless Products.

**Section 6:**
This Wireless Content License Agreement between Sorrent, Inc. and Twentieth Century Fox Licensing & Merchandising outlines the terms for licensing wireless content across multiple properties, including ""Robots,"" ""Ice Age 2,"" ""Eragon,"" and others. The agreement specifies minimum requirements for wireless products, such as Java games, screensavers, MMS, wallpapers, and voicetones, for each property. The parties agree to royalty payments based on net sales, with a minimum guarantee amount, and the News America Group, a subsidiary of The News Corporation Limited, provides a statement of privacy principles for the collection, use, and dissemination of personally identifiable information about U.S. consumers.

**Section 7:**
The News America Group collects personally identifiable information from consumers for business purposes, including marketing, security, and compliance with the law, and may transfer this information to third parties in the event of a business sale or merger. The company uses reasonable measures to safeguard this information against loss and unauthorized use. Consumers have the right to access, correct, and delete their personally identifiable information, and may contact a privacy officer to resolve complaints and disputes. The company will take measures to ensure compliance with its Privacy Principles.","Neither the acceptance of any payment or royalty statement nor the deposit of any check shall preclude a party from questioning the correctness of any such payment or royalty statement at any time. 8. DUTIES OF LICENSEE: (a) Marketing and Promotion: Licensee shall be responsible for all marketing, advertising and promotional efforts with respect to the Wireless Products throughout the Territory during the Term. Licensee shall (A) participate in face to face meetings and conference calls regarding marketing from time to time, the frequency, location and subject matter of which shall be mutually agreed; (B) submit a separate marketing plan for the Wireless Products for each Property for which Fox has approved a Treatment (as defined in Paragraph 9(a)(ii)) within thirty (30) days of Fox’s approval of such Treatment, subject to Fox’s providing sufficient information regarding its release plans for the applicable Property (each, a “Marketing Plan”); (C) commit funds to the marketing of the Wireless Products as is commensurate with Licensee’s marketing efforts of other similar wireless products that Licensee publishes; (D) perform business to business and trade marketing efforts (e.g., to the CSPs) commensurate with industry standards; and (E) appoint a marketing point of contact which shall be responsible for coordinating communications and facilitating relationships between Fox and Licensee and for overseeing the performance of Licensee’s obligations hereunder. All marketing materials for the Wireless Products that incorporate and/or make reference to any part of the PSM or the Properties (collectively, the “Licensee Marketing Materials”) shall be subject to Fox’s approval as follows: (i) Licensee Marketing Materials: Licensee shall be responsible for producing the Licensee Marketing Materials, all of which shall be subject to Fox’s prior written approval, at Licensee’s sole cost and expense. Licensee will submit samples of all Licensee Marketing Materials to Fox for review and approval prior to Licensee’s use of the Licensee Marketing Materials. Fox shall endeavor to review the Licensee Marketing Materials within two (2) weeks of receipt thereof, provided however, a delayed Fox response shall not constitute a deemed approval under any circumstances. Only after Fox has approved the Licensee Marketing Materials may Licensee proceed with production thereof. Once approval has been granted by Fox, Licensee will not make alterations, modifications or revisions to the Licensee Marketing Materials without the prior written consent of Fox. (ii) CSP Marketing Materials: If any Licensed CSP seeks to incorporate any element of the PSM in its advertising, marketing, packaging (if any), consumer and trade publicity and promotional materials as well as any collateral materials related thereto (“CSP Marketing Materials”), Licensee shall ensure that such Licensed CSP obtains Fox’s approval in accordance with Paragraph 8(a)(i). Licensee shall submit any such proposed CSP Marketing Materials on the CSP’s behalf. Once Fox has approved any such CSP Marketing Materials and notified Licensee, Licensee shall notify the CSP and Licensee and the CSP may proceed with production thereof, provided there are no alterations from the approved packaging. (b) Product Support: Licensee shall provide all customer product support, including technical support, for the Wireless Products in the same manner as it provides such support for any other product that it distributes and/or publishes, and in any case in accordance with wireless industry standards. Licensee will display (and ensure that the CSP displays) a toll free telephone number (or an email address, in Licensee’s discretion, on a country by country basis) on its website so that customers may contact Licensee and/or the CSP regarding the Wireless Products (“Customer Request”). Licensee and/or the CSP will use all commercially reasonable efforts to respond to each such Customer Request within 24 hours after receipt of such request. Licensee shall exercise commercially reasonable efforts to resolve each such Customer Request. Licensee also shall respond to all inquiries from VGSL relating to the Wireless Products delivered to VGSL. (c) Solicitation of Sales: So long as the Agreement has not been terminated or otherwise expired, Licensee shall use all commercially reasonable efforts to promote sales of the Wireless Products during the Term of this Agreement. (d) No Preferential Treatment: Licensee agrees that it will use substantially similar efforts to advertise, promote, manufacture, sell and distribute the Wireless Products as it devotes to its other licensed products. (e) Compliance with all Laws: Licensee shall comply with all laws, rules, treaties, and regulations governing the distribution of the Wireless Products throughout the Territory. (f) Internet Data: Licensee shall comply with COPPA regulations as well as with Fox’s Internet Privacy Policy with respect to the collection of any consumer information via the Internet. The policy is attached hereto as Exhibit P and incorporated herein by this reference. (g) Localization: Licensee shall localize the Wireless Products into the following languages: English, French, German, Italian, Spanish, and Japanese, with Portuguese, Greek, Dutch and Swedish to be made available where practicable to the extent that the Properties are dubbed into such languages","Each party agrees to use reasonable efforts, and at least the same care that it uses to protect its own confidential information of like importance, to prevent unauthorized dissemination and disclosure of the other party’s confidential information during and for a period of three (3) years after the Term. These obligations will be subject to the following terms and conditions: (b) Confidential Information Defined: Confidential information includes, but is not limited to, the following: (i) the design, technology and knowhow related to the Wireless Products, the PSM and the Property; (ii) the computer object and source code of the Wireless Products, the PSM and the Property; (iii) non-public information concerning either party’s financing, financial status, research and development, proposed new products, marketing plans and pricing, unless and until publicly announced; and (iv) any information designated by either party as confidential or proprietary in writing: (i) Certain Information Not Deemed Confidential: The foregoing obligations will not apply to any information that: (A) becomes known to the general public without fault or breach on the part of the receiving party; (B) the receiving party receives from a third party without breach of a nondisclosure obligation and without restriction on disclosure; (C) was in the possession of the receiving party prior to disclosure by the other; or (D) is independently developed by the receiving party’s personnel having no access to similar confidential information obtained from the other. (ii) Confidential Information of Another: Nothing in this Agreement will affect any obligation of either party to maintain the confidentiality of a third party’s confidential information. (c) Press Releases: Licensee may not issue a press release or otherwise disclose to or discuss with the press the existence or terms of this Agreement without the prior written consent of Fox (it being understood that Fox’s legal counsel shall have final approval over the timing and/or content of any press release or other public disclosure by Licensee regarding this Agreement). Notwithstanding the foregoing, the parties (and their respective parent companies) shall be free to disclose Confidential information to the extent required by any law or regulation to any relevant stock exchange. The parties will liaise and endeavor to agree to the wording of any such disclosure in advance.","NOTICE TO LICENSEE: Licensee shall indemnify, defend and hold harmless Fox, its officers, directors, employees, agents, successors and assigns, and the respective heirs, executors, administrators, successors and assigns of each of them, from and against any and all claims, demands, actions, proceedings, suits, liabilities, damages, losses, costs and expenses (including, without limitation, reasonable attorneys' fees and expenses) arising out of or in connection with (i) any breach or alleged breach by Licensee of any of the terms or conditions of this Agreement, (ii) any claim or demand by any third party against Fox, its officers, directors, employees, agents, successors and assigns, and the respective heirs, executors, administrators, successors and assigns of each of them, arising out of or in connection with the Wireless Products or the exploitation of the Wireless Products, or (iii) any failure by Licensee to comply with any applicable laws, regulations, or industry standards in connection with the Wireless Products or the exploitation of the Wireless Products. Licensee shall also indemnify, defend and hold harmless Fox, its officers, directors, employees, agents, successors and assigns, and the respective heirs, executors, administrators, successors and assigns of each of them, from and against any and all claims, demands, actions, proceedings, suits, liabilities, damages, losses, costs and expenses (including, without limitation, reasonable attorneys' fees and expenses) arising out of or in connection with the use, reproduction, modification, distribution, display, or disclosure of any Fox Intellectual Property (as defined in Paragraph 11(a) below) by Licensee or any of its officers, directors, employees, agents, successors and assigns, or the respective heirs, executors, administrators, successors and assigns of each of them. The foregoing indemnification obligations of Licensee shall survive the expiration or termination of this Agreement. Fox shall have the right to control the defense and settlement of any claim or action subject to indemnification by Licensee hereunder, and Licensee shall cooperate with Fox in the defense and settlement of any such claim or action. Licensee shall not settle or compromise any claim or action subject to indemnification by Licensee hereunder without the prior written consent of Fox. Fox shall have the right to participate in the defense and settlement of any claim or action subject to indemnification by Licensee hereunder, and Licensee shall cooperate with Fox in the defense and settlement of any such claim or action. Licensee shall not settle or compromise any claim or action subject to indemnification by Licensee hereunder without the prior written consent of Fox. Fox shall have the right to participate in the defense and settlement of any claim or action subject to indemnification by Licensee hereunder, and Licensee shall cooperate with Fox in the defense and settlement of any such claim or action. Licensee shall not settle or compromise any claim or action subject to indemnification by Licensee hereunder without the prior written consent of Fox. Fox shall have the right to participate in the defense and settlement of any claim or action subject to indemnification by Licensee hereunder, and Licensee shall cooperate with Fox in the defense and settlement of any such claim or action. Licensee shall not settle or compromise any claim or action subject to indemnification by Licensee hereunder without the prior written consent of Fox. Fox shall have the right to participate in the defense and settlement of any claim or action subject to indemnification by Licensee hereunder, and Licensee shall cooperate with Fox in the defense and settlement of any such claim or action. Licensee shall not settle or compromise any claim or action subject to indemnification by Licensee hereunder without the prior written consent of Fox. Fox shall have the right to participate in the defense and settlement of any claim or action subject to indemnification by Licensee hereunder, and Licensee shall cooperate with Fox in the defense and settlement of any such claim or action. Licensee shall not settle or compromise any claim or action subject to indemnification by Licensee hereunder without the prior written consent of Fox. Fox shall have the right to participate in the defense and settlement of any claim or action subject to indemnification by Licensee hereunder, and Licensee shall cooperate with Fox in the defense and settlement of any such claim or action. Licensee shall not settle or compromise any claim or action subject to indemnification by Licensee hereunder without the prior written consent of Fox. Fox shall have the right to participate in the defense and settlement of any claim or action subject to indemnification by Licensee hereunder, and Licensee shall cooperate with Fox in the defense and settlement of any such claim or action. Licensee shall not settle or compromise any claim or action subject to indemnification by Licensee hereunder without the prior written consent of Fox. Fox shall have the right to participate in the defense and settlement of any claim or action subject to indemnification by Licensee hereunder, and Licensee shall cooperate with Fox in the defense and settlement of any such claim"
GopageCorp_20140221_10-K_EX-10.1_8432966_EX-10.1_Content License Agreement.pdf,"**Section 1:**
PSiTech Corporation grants Empirical Ventures, Inc. a license to display its content on Empirical's website and related media, subject to certain restrictions and obligations. The license is exclusive, non-transferable, and non-sublicensable, and Empirical must pay a license fee of $200,000 upfront, with additional royalties based on gross revenues. The agreement has a five-year initial term, with automatic renewal for three-year periods, and either party may terminate it for material breach or insolvency.

**Section 2:**
This Agreement shall renew automatically for one additional three-year period unless either party provides written notice of non-renewal at least ninety days before the expiration of the Initial Term. Upon termination, all licenses granted under this Agreement shall terminate, and Licensee shall immediately delete all Licensed Content, Licensor's Marks, and other materials provided by Licensor. The parties agree to maintain confidentiality of each other's Confidential Information, and any breach of this obligation may result in termination of the Agreement.

**Section 3:**
This Agreement outlines the terms and conditions for a licensing arrangement between PSITech Corporation and Empirical Ventures, Inc, governed by the internal laws of Nevada, with a focus on dispute resolution through binding arbitration and the recovery of attorneys' fees by the prevailing party. The agreement allows for the display of licensed content on a website in Canada, the United States, or Mexico, excluding specific business verticals.","Either party may terminate this Agreement, effective upon written notice to the other party, if the other party materially breaches this Agreement, and such breach is incapable of cure or, if capable of cure, (i) fails to commence a plan of action approved by Licensor to cure such breach within thirty (30) days, or (ii) fails to cure such breach within ninety (90) days after receiving written notice thereof, in either case after receiving notice of the breach. Provided, however, that if the breach giving rise to the termination right under this Section 6.2 is non-payment of License Fees or Royalties, the cure period shall be ten (10) days. (b) Either party may terminate this Agreement by written notice to the other party if the other party: (i) becomes insolvent or admits its inability to pay its debts generally as they become due; (ii) becomes subject, voluntarily or involuntarily, to any proceeding under any domestic or foreign bankruptcy or insolvency law, which is not fully stayed within ten (10) business days or is not dismissed or vacated within sixty (60) days after filing; (iii) is dissolved or liquidated or takes any corporate action for such purpose; (iv) makes a general assignment for the benefit of creditors; or (v) has a receiver, trustee, custodian or similar agent appointed by order of any court of competent jurisdiction to take charge of or sell any material portion of its property or business.","Each party (the ""Recipient"") acknowledges that in connection with this Agreement such party may gain access to Confidential Information of the other party (the ""Disclosing Party""). As a condition to being furnished with Confidential Information, the Recipient agrees, during the Term and for five (5) years thereafter. Confidential Information excludes such information required to be disclosed pursuant to federal or state securities rules and regulations, including but not limited to, disclosure of the Company in their filings with the Securities and Exchange Commission: to 10.1 (a) not use the Disclosing Party's Confidential Information other than in connection with performing its obligations under this Agreement and shall make no use of any such Confidential Information, directly or indirectly, in any manner to the detriment of the Disclosing Party or in order to obtain any competitive benefit with respect to the Disclosing Party; and (b) maintain the Disclosing Party's Confidential Information in confidence and, subject to Section 10.2 below, not disclose any of the Disclosing Party’s Confidential Information without the Disclosing Party's prior written consent; provided, however, that Recipient may disclose the Disclosing Party's Confidential Information to its officers, employees, consultants and legal advisors (""Representatives"") who: (i) have a ""need to know"" for purposes of the Recipient's performance under this Agreement, (ii) have been apprised of this restriction; and (iii) are themselves bound by nondisclosure restrictions at least as restrictive as those set forth in this Section 0. The Recipient shall be responsible for ensuring its Representatives' compliance with, and shall be liable for any breach by its Representatives, of this Section 10. The Receiving Party shall employ the same efforts it uses with respect to its own confidential information to safeguard the Disclosing Party's Confidential Information from use or disclosure to anyone other than as permitted hereby.","9. LIMITATIONS OF LIABILITY. 9.1 No Consequential or Indirect Damages. NEITHER PARTY SHALL BE LIABLE UNDER OR IN CONNECTION WITH THIS AGREEMENT FOR INDIRECT, INCIDENTAL, CONSEQUENTIAL, LIQUIDATED, SPECIAL OR EXEMPLARY DAMAGES OR PENALTIES, INCLUDING WITHOUT LIMITATION, LOSSES OF BUSINESS, REVENUE OR ANTICIPATED PROFITS, REGARDLESS OF WHETHER SUCH DAMAGE WAS FORESEEABLE AND WHETHER LICENSOR HAS BEEN ADVISED OF THE POSSIBILITY OF SUCH DAMAGES. 9.2 Cap on Monetary Damages. EACH PARTY’S LIABILITY ARISING OUT OF OR RELATED TO THIS AGREEMENT WILL NOT EXCEED AN AMOUNT EQUAL TO THE AGGREGATE AMOUNTS PAID OR PAYABLE TO LICENSOR IN THE TWELVE (12) MONTHS PRECEDING THE COMMENCEMENT OF THE CLAIM. 9.3 Exceptions. The provisions of Section 9.1 and Section 9.2 will not apply to limit the Licensee’s indemnification obligations under Section 8.2, or in the case of Licensee’s gross negligence or wilful misconduct."
HEALTHGATEDATACORP_11_24_1999-EX-10.1-HOSTING AND MANAGEMENT AGREEMENT - Escrow Agreement.pdf,"**Section 1:**
The escrow agreement outlines the terms for the deposit and storage of the ""HealthGate Electronic Journal Proprietary Software"" source code, with Blackwell Science Ltd and HealthGate as the parties involved. The agreement specifies the duties and warranties of the Owner, including the delivery of the source code and maintenance of its accuracy and functionality. NCC Escrow International Limited will hold the source code in a safe and secure environment, perform standard verification tests, and release the material to the Licensee under certain conditions, including a change in control of the Owner, cessation of trading, or default in maintenance obligations. The agreement also includes provisions for confidentiality, intellectual property rights, and liability.

**Section 2:**
NCC shall perform tests on the Material in accordance with its Standard Verification Service and provide a test report to the parties, with the Licensee entitled to request a Full Verification at their expense, except in cases of substantial defects where the Owner pays. NCC's liability for loss or damage to the Material is capped at £500,000, excluding personal injury or death, and they are not liable for indirect or consequential loss. The Agreement may be terminated by NCC after a 30-day notice period for non-payment of fees, or by mutual agreement, with the Material to be delivered to the Owner upon termination.","6.1 Subject to the provisions of Clauses 6.2 and 6.3, NCC shall release the Material to a duly authorised officer of the Licensee if at any time or times any of the following events or circumstances occur, arise or become apparent: 6.1.1 the Owner enters into any composition or arrangement with its creditors or (being a company) enters into liquidation whether compulsory or voluntary (other than for the purposes of solvent reconstruction or amalgamation) or has a receiver or administrative receiver appointed over all or any part of its assets or undertaking or a petition is presented for an Administration Order or (being an individual or partnership) becomes bankrupt, or an event occurs within the jurisdiction of the country in which the Owner is situated which has a similar effect to any of the above events in the United Kingdom; or 6.1.2 the Owner ceases to trade; or 6.1.3 the Owner assigns copyright in the Material and the assignee fails within 60 days of such assignment to offer the Licensee substantially similar protection to that provided by this Agreement without significantly increasing the cost to the Licensee; or 6.1.4 the Owner without legal justification, has defaulted to a material degree in any obligation to provide maintenance or modification of the Package under the Licence Agreement or any maintenance agreement entered into in connection with the Package and has failed to remedy such default notified by the Licensee to the Owner; or 6.1.5 coding of the Package is such that either the accuracy or the functionality or the performance of the Package is or becomes or is demonstrably likely to become significantly adversely affected by the entry or processing of data incorporating any date or dates whether prior or subsequent to or including 31 December 1999, including but not limited to any of the following: 6.1.5.1 the Package crashes at any time while processing any such data; 6.1.5.2. the Owner has warranted or represented that the Package is capable of accurately and correctly processing such data in accordance with the Package's current functional specification and the Licensee demonstrates that the Package is not so capable; 6.1.5.3 the Owner has undertaken or attempted to procure the Package to be so capable and the Licensee demonstrates that the Package is still not so capable; 6.1.5.4 no such warranty, representation, undertaking or attempt has been given or made and the Licensee demonstrates that the Package is not so capable.","The Material shall remain the confidential property of the Owner and in the event that NCC provides a copy of the Material to the Licensee, the Licensee shall be permitted to use the Material only in accordance with a confidentiality undertaking in the form contained in Schedule 3. 7.2 NCC agrees to maintain all information and/or documentation coming into its possession or to its knowledge under this Agreement in strictest confidence and secrecy. NCC further agrees not to make use of such information and/or documentation other than for the purposes of this Agreement and will not disclose or release it other than in accordance with the terms of this Agreement. 7.3 Termination of this Agreement will not relieve NCC or its employees, or the Licensee or its employees, from the obligations of confidentiality contained in this Clause 7.",NONE
HertzGroupRealtyTrustInc_20190920_S-11A_EX-10.8_11816941_EX-10.8_Trademark License Agreement.pdf,"**Section 1:**
Licensor Hertz Investment Group, LLC grants Licensee Hertz Group Realty Trust, Inc. a nonexclusive, royalty-free license to use the stylized mark ""H"" in the United States solely in connection with Licensee's corporate name and identifying mark, with Licensor retaining exclusive ownership and rights to the Licensed Mark.","Either Party may terminate this Agreement by giving the other Party thirty (30) days' prior written notice. This Agreement and all rights and licenses granted under this Agreement shall terminate as soon as practicable, but no longer than thirty (30) days, after: 3.2.1 Licensee is acquired by a third party; or 3.2.2 Licensor or any affiliate of Licensor ceases to manage Licensee. Upon termination of this Agreement, Licensed Users shall immediately cease use of the Licensed Trade Name and Licensed Mark as soon as practicable, but no longer than thirty (30) days, after termination.","2.4 No license, right, or immunity is granted by either Party to the other, either expressly or by implication, or by estoppel, or otherwise with respect to any trademarks, copyrights, or trade dress, or other property right, other than with respect to the Licensed Trade Name and the Licensed Mark in accordance with Article 2.1 of this Agreement.","LICENSOR DOES NOT MAKE WARRANTIES OF ANY KIND, WHETHER EXPRESS, IMPLIED, RELATED TO OR ARISING OUT OF THE LICENSED MARK OR THIS AGREEMENT. 4.2.1 LICENSOR SPECIFICALLY DISCLAIMS ANY IMPLIED WARRANTIES OF MERCHANTABILITY, FITNESS FOR A PARTICULAR PURPOSE, NON-INFRINGEMENT AND TITLE, AND ALL OTHER WARRANTIES THAT MAY OTHERWISE ARISE FROM COURSE OF DEALING, USAGE OF TRADE OR CUSTOM. 4.2.2 IN NO EVENT SHALL LICENSOR OR ANY OF ITS DIRECTORS, OFFICERS, EMPLOYEES, LICENSORS, SUPPLIERS OR OTHER REPRESENTATIVES BE LIABLE FOR ANY INDIRECT, SPECIAL OR CONSEQUENTIAL DAMAGES, OR DAMAGES FOR LOSS OF PROFITS, BUSINESS INTERRUPTION, LOSS OF GOODWILL, COMPUTER FAILURE OR MALFUNCTION OR OTHERWISE, ARISING FROM OR RELATING TO THIS AGREEMENT OR THE LICENSED MARK, EVEN IF LICENSOR IS EXPRESSLY ADVISED OF THE POSSIBILITY OF SUCH DAMAGES. The foregoing limitation of liability and exclusion of certain damages shall apply regardless of the failure of essential purpose of any remedies available to either party."
HfEnterprisesInc_20191223_S-1_EX-10.22_11931299_EX-10.22_Development Agreement.pdf,"**Section 1:**
DSS grants Developer a non-exclusive, limited, and non-transferable license to develop an Android software application for DSS's AuthentiGuard Technology suite, with payments of US $23,000 per month for the duration of the 12-month term, which automatically renews unless terminated with 30 days' notice. The agreement is governed by New York law, and the parties acknowledge that DSS owns all rights to the Technology, Improvements, and associated goodwill.

**Section 2:**
The contract outlines the development of AuthentiGuard App for specific clients, including an Android Mobile App for core scanning with improved accuracy for Samsung S7 and S8, Sales Demo Apps, and standard testing procedures for AuthentiGuard Mobile App. The scope of work will be agreed upon during a meeting with HotApp, and deliverables for the subsequent three months will be mutually agreed by the end of May.","2.2. Either party may terminate this Agreement prior to expiration of the Term: (i) upon thirty (30) days prior written notice, or (ii) immediately upon written notice to the other party if: (a) the other party declares or a petition is filed in any court for insolvency or bankruptcy and such petition is not dismissed in thirty (30) days; (b) the other party reorganizes under the relevant bankruptcy act or any similar statute in such party’s jurisdiction of incorporation; (c) the other party consents to the appointment of a trustee in bankruptcy or a receiver or similar entity; or (d) the Developer breaches DSS’s Technology or Intellectual Property rights contained herein.","The parties acknowledge that they have entered into that certain Mutual Non-Disclosure Agreement dated as of January 18, 2018 (the “NDA”), a copy of which is attached hereto as Exhibit A. The terms of the NDA shall be deemed to be incorporated by reference into this Agreement, mutatis mutandis. During the Term of this Agreement and thereafter for a period of five (5) years, the parties shall be bound by all of the protective terms and conditions of the NDA.","Developer shall be fully liable, without limitation, for money damages resulting from its improper or unauthorized use, modification, alteration, licensing or transfer of the Technology or Improvements, or resulting from its failure to provide functional and merchantable Improvements hereunder, which failure shall be deemed a material breach of this Agreement by Developer. 6.1. Developer Liability for Damages. Developer shall be fully liable, without limitation, for money damages resulting from its improper or unauthorized use, modification, alteration, licensing or transfer of the Technology or Improvements, or resulting from its failure to provide functional and merchantable Improvements hereunder, which failure shall be deemed a material breach of this Agreement by Developer."
IdeanomicsInc_20151124_8-K_EX-10.2_9354744_EX-10.2_Content License Agreement.pdf,"**Section 1:**
Beijing Sun Seven Stars Culture Development Limited licenses to You On Demand Holdings, Inc. certain video programming for non-exclusive, royalty-free, perpetual, and non-perpetual use within mainland China, including VOD, Internet, TV, and mobile platforms, for up to 20 years, in exchange for the issuance of IP Common Shares as defined in the Securities Purchase Agreement.

**Section 2:**
This Agreement governs the licensing of Titles, with Licensee You On Demand Holdings, Inc. obtaining rights to use, distribute, and exploit the Titles, and Licensor Beijing Sun Seven Stars Culture Development Limited granting such rights in exchange for payments and compliance with certain obligations, including representations and warranties regarding the Titles' content and the Licensee's business. The Agreement also includes provisions for indemnification, confidentiality, disclaimers, limitation of liability, and dispute resolution, with arbitration to be conducted in New York, New York, and governed by the laws of the State of New York.","This Agreement may be terminated at any time by either party, effective immediately upon written notice, if the other party: (i) becomes insolvent; (ii) files a petition in bankruptcy; or (iii) makes an assignment for the benefit of its creditors. Either party may terminate this Agreement upon written notice if the other party materially breaches this Agreement and fails to cure such breach within thirty (30) days after the date that it receives written notice of such breach from the non-breaching party.","14. Confidentiality. (a) Confidential Information. “Confidential Information” means all non-public information about the disclosing party’s business or activities that is marked or designated by such party as “confidential” or “proprietary” at the time of disclosure or that reasonably would be understood to be confidential given the circumstances of disclosure. Notwithstanding the foregoing, Confidential Information does not include information that: (a) is in or enters the public domain without breach of this Agreement; (b) the receiving party lawfully receives from a third party without restriction on disclosure and without breach of a nondisclosure obligation; (c) the receiving party rightfully knew prior to receiving such information from the disclosing party; or (d) the receiving party develops entirely independently of, and without any access or reference to or use of, any Confidential Information communicated to the receiving party by the disclosing party. (b) Restrictions. Each party agrees that, during the Term and for two (2) years thereafter: (i) it will not disclose to any third party any Confidential Information disclosed to it by the other party except as expressly permitted in this Agreement; (ii) it will only permit access to Confidential Information of the disclosing party to those of its employees or authorized representatives or advisors (including, without limitation, the receiving party’s auditors, accountants, and attorneys) having a need to know and who, prior to obtaining such access, are legally bound to protect the disclosing party’s Confidential Information at least to the same extent as set forth herein; (iii) it will use any Confidential Information disclosed to it by the other party only for the purpose of performing its obligations or exercising its rights under this Agreement and not for any other purpose, whether for such party’s own benefit or the benefit of any third party; (iv) it will maintain the confidentiality of all Confidential Information of the other party in its possession or control; and (v) that (x) upon the expiration or termination of this Agreement, or (y) at any time the disclosing party may so request, it will deliver promptly to the disclosing party, or, at the disclosing party’s option, it will destroy, all Confidential Information of the disclosing party that it may then possess or have under its control. Notwithstanding the foregoing, each party may disclose Confidential Information of the other party to the extent required by a court of competent jurisdiction or other governmental authority or otherwise as required by law, provided that such party will, as soon as reasonably practicable, provide the disclosing party with written notice of such requirement so that the disclosing party may seek a protective order or other appropriate remedy. The receiving party and its representatives will cooperate fully with the disclosing party to obtain any such protective order or other remedy. If the disclosing party elects not to seek, or is unsuccessful in obtaining, any such protective order or similar remedy and if the receiving party receives advice from reputable legal counsel confirming that the disclosure of Confidential Information is required pursuant to applicable law, then the receiving party may disclose such Confidential Information to the extent required; provided, however, that the receiving party will use commercially reasonable efforts to ensure that such Confidential Information is treated confidentially by each party to which it is disclosed.","3. Licenses and Clearances. Licensor shall be solely responsible for the Titles and any and all legal liability resulting from the Titles, excluding any legal liability caused by Licensee’s breach of this Agreement or gross negligence with regards to the Titles. Without limiting the generality of the foregoing, Licensor shall be solely responsible for any and all royalties and other fees payable to any applicable licensor(s) or any third party for distribution of the Titles by Licensee (including, without limitation, residuals and clearances or other payments to guilds or unions and rights for music clearances, such as performance rights, synchronization rights and mechanical rights), and all other fees, payments and obligations arising out of the activities contemplated by this Agreement, and Licensee shall have no responsibility or liability for any such royalties or fees. Licensor acknowledges that Licensee cannot and does not undertake to review, and shall not be responsible for Users’ unauthorized use or exploitation of, the Titles. Should Licensee become aware of Users’ unauthorized use or exploitation of the Titles, Licensee shall immediately report such use to Licensor."
ImpresseCorp_20000322_S-1A_EX-10.11_5199234_EX-10.11_Co-Branding Agreement.pdf,"**Section 1:**
Impresse Corporation and VerticalNet, Inc. enter into a Co-Branding Agreement to create a Co-Branded Site where users can register to review and utilize Impresse's commercial printing services, with VerticalNet displaying the V-Solutions Area on its Sites and implementing the V-Solutions Link. Impresse pays VerticalNet various fees, including a one-time development fee, slotting fees, and hosting fees, as well as a percentage of Impresse's net transaction and subscription revenues collected from VerticalNet Impresse Users.

**Section 2:**
Impresse shall pay VerticalNet for one year after the agreement term, and if underpaid, the additional amount owed shall be paid within 15 days of notice, with fees of the audit also paid if underpaid by more than 10% of the amount owed.

**Section 3:**
VerticalNet indemnifies Impresse against third-party claims arising from VerticalNet's breach of representations, warranties, or agreements, negligence, recklessness, or intentional misconduct, or claims related to the use of the Co-Branded Site or VerticalNet Sites, and pays all costs and expenses incurred in such defense.","5.1. TERM. This Agreement shall commence on the Effective Date and shall continue in effect for a period of two (2) years from the Launch Date. Upon expiration of the initial term, this Agreement shall automatically renew for successive one (1) year terms, unless either party gives written notice of termination to the other at least thirty (30) days prior to the end of the initial term or any renewal term. Either party may terminate this Agreement upon written notice to the other if the other party: (a) fails to perform or observe any material provision of this Agreement and such failure continues for a period of thirty (30) days after written notice thereof; or (b) becomes insolvent or makes an assignment for the benefit of creditors; or (c) is dissolved or liquidated; or (d) is acquired by a third party; or (e) is subject to a change of control; or (f) is subject to a receivership or bankruptcy proceeding; or (g) is subject to a receivership or bankruptcy proceeding; or (h) is subject to a receivership or bankruptcy proceeding; or (i) is subject to a receivership or bankruptcy proceeding; or (j) is subject to a receivership or bankruptcy proceeding; or (k) is subject to a receivership or bankruptcy proceeding; or (l) is subject to a receivership or bankruptcy proceeding; or (m) is subject to a receivership or bankruptcy proceeding; or (n) is subject to a receivership or bankruptcy proceeding; or (o) is subject to a receivership or bankruptcy proceeding; or (p) is subject to a receivership or bankruptcy proceeding; or (q) is subject to a receivership or bankruptcy proceeding; or (r) is subject to a receivership or bankruptcy proceeding; or (s) is subject to a receivership or bankruptcy proceeding; or (t) is subject to a receivership or bankruptcy proceeding; or (u) is subject to a receivership or bankruptcy proceeding; or (v) is subject to a receivership or bankruptcy proceeding; or (w) is subject to a receivership or bankruptcy proceeding; or (x) is subject to a receivership or bankruptcy proceeding; or (y) is subject to a receivership or bankruptcy proceeding; or (z) is subject to a receivership or bankruptcy proceeding; or (aa) is subject to a receivership or bankruptcy proceeding; or (bb) is subject to a receivership or bankruptcy proceeding; or (cc) is subject to a receivership or bankruptcy proceeding; or (dd) is subject to a receivership or bankruptcy proceeding; or (ee) is subject to a receivership or bankruptcy proceeding; or (ff) is subject to a receivership or bankruptcy proceeding; or (gg) is subject to a receivership or bankruptcy proceeding; or (hh) is subject to a receivership or bankruptcy proceeding; or (ii) is subject to a receivership or bankruptcy proceeding; or (jj) is subject to a receivership or bankruptcy proceeding; or (kk) is subject to a receivership or bankruptcy proceeding; or (ll) is subject to a receivership or bankruptcy proceeding; or (mm) is subject to a receivership or bankruptcy proceeding; or (nn) is subject to a receivership or bankruptcy proceeding; or (oo) is subject to a receivership or bankruptcy proceeding; or (pp) is subject to a receivership or bankruptcy proceeding; or (qq) is subject to a receivership or bankruptcy proceeding; or (rr) is subject to a receivership or bankruptcy proceeding; or (ss) is subject to a receivership or bankruptcy proceeding; or (tt) is subject to a receivership or bankruptcy proceeding; or (uu) is subject to a receivership or bankruptcy proceeding; or (vv) is subject to a receivership or bankruptcy proceeding; or (ww) is subject to a receivership or bankruptcy proceeding; or (xx) is subject to a receivership or bankruptcy proceeding; or (yy) is subject to a receivership or bankruptcy proceeding; or (zz) is subject to a receivership or bankruptcy proceeding; or (aaa) is subject to a receivership or bankruptcy proceeding; or (bbb) is subject to a receivership or bankruptcy proceeding; or (ccc) is subject to a receivership or bankruptcy proceeding; or (ddd) is subject to a receivership or bankruptcy proceeding; or (eee) is subject to a receivership or bankruptcy proceeding; or (fff) is subject to a receivership or bankruptcy proceeding; or (ggg) is subject to a receivership or bankruptcy proceeding; or (hhh) is subject to a receivership or bankruptcy proceeding; or (iii) is subject to a receivership or bankruptcy proceeding; or (jjj) is subject to a receivership or bankruptcy proceeding; or (kkk) is subject to a receivership or bankruptcy proceeding; or (lll) is subject to a receivership or bankruptcy proceeding; or (mmm) is subject to","7.1. CONFIDENTIALITY OBLIGATIONS. Except as permitted elsewhere under this Agreement, each party agrees to take Reasonable Steps (as defined below) (a) to receive and maintain the Confidential Information of the other party in confidence and (b) not to disclose such Confidential Information to any third parties, provided, the receiving party may disclose such Confidential Information to its employees, representatives and agents who have a need to know such information for purposes of carrying out the terms of this Agreement. Neither party hereto shall use all or any part of the Confidential Information of the other party for any purpose other than to perform its obligations under this Agreement. The parties will take Reasonable Steps (as defined below) to ensure that their employees, representatives and agents comply with this provision. As used herein, ""Reasonable Steps"" means at least the same degree of care that the 8 receiving party uses to protect its own Confidential Information, and, in no event, not less than reasonable care. 7.2. EXCLUSIONS. ""Confidential Information"" does not include information that (a) is or becomes publicly available through no fault of the receiving party; (b) was already known to the receiving party at the time it was disclosed to the receiving party, as evidenced by records of the receiving party; (c) is independently developed by employees of the receiving party who had no knowledge of or access to such information, as evidenced by records of the receiving party; (d) is received from a third party who is under no obligation of confidentiality to the disclosing party; or (e) must be disclosed pursuant to applicable laws, rules or regulations; provided, however, that the receiving party first gives the disclosing party notice and a reasonable opportunity to secure confidential protection of such Confidential Information. 7.3. TERMINATION. Subject to Section 10.11 [SURVIVAL], upon termination of this Agreement, all Confidential Information shall be returned to the disclosing party or, at the request of the disclosing party, destroyed unless otherwise specified or permitted elsewhere under this Agreement. Subject to Section 7.6 [USER DATA], the confidentiality obligations contained in this Article 7 [CONFIDENTIALITY] shall survive termination of this Agreement for a period of three years. 7.4. INJUNCTION. Each party acknowledges and agrees that the provisions of this Article 7 [CONFIDENTIALITY] are reasonable and necessary to protect the other party's interests in its Confidential Information, that any breach of the provisions of this Article 7 [CONFIDENTIALITY] may result in irreparable harm to such other party, and that the remedy at law for such breach may be inadequate. Accordingly, in the event of any breach or threatened breach of the provisions of this Article 7 [CONFIDENTIALITY] by a party hereto, the other party, in addition to any other relief available to it at law, in equity or otherwise, shall be entitled to seek temporary and permanent injunctive relief restraining the breaching party from engaging in and/or continuing any conduct that would constitute a breach of this Article 7 [CONFIDENTIALITY], without posting a bond or other security. 7.5. PUBLICITY. Neither party will originate any press release concerning the relationship between the parties or the transactions described in this Agreement without the prior written consent of the other party, which consent shall not be unreasonably withheld or delayed. Notwithstanding the foregoing, as soon as reasonably practicable following the Effective Date, VerticalNet and Impresse shall jointly issue a press release with respect to entering into this Agreement. 7.6. USER DATA. Impresse shall provide VerticalNet with User Data on each User that submits information through the Co-Branded Site by sending an email with such information to an email address designated by VerticalNet at the time the request occurs. User Data shall be maintained by each Party as Confidential Information of the other Party during the Term and 5 years thereafter, provided such User Data may be disclosed only as part of an aggregation or analysis of all User Data but not as independent data. Upon termination of the Agreement, VerticalNet and Impresse shall jointly own all User Data. Neither Party shall use the User Data other than in accordance with the VerticalNet privacy policy and all applicable laws during the Term and thereafter.","9.3. LIMITATION OF LIABILITY. EXCEPT IN CONNECTION WITH A BREACH BY EITHER PARTY OF ARTICLE 7 OR SECTION 8.1.5 [REPRESENTATIONS AND WARRANTIES] (v) AND THE INDEMNIFICATION OBLIGATIONS OF IMPRESSE UNDER SECTION 9.4(i)(d) [INDEMNIFICATION BY IMPRESSE] AND THE INDEMNIFICATION OBLIGATIONS OF VERTICALNET UNDER SECTION 9.5(i)(d) [INDEMNIFICATION BY VERTICALNET], NEITHER PARTY WILL BE LIABLE FOR ANY SPECIAL, INDIRECT, CONSEQUENTIAL, EXEMPLARY OR INCIDENTAL DAMAGES ARISING OUT OF OR RELATED TO THIS AGREEMENT, HOWEVER CAUSED AND UNDER ANY THEORY OF LIABILITY (INCLUDING NEGLIGENCE), EVEN IF SUCH PARTY HAS BEEN ADVISED OF THE POSSIBILITY OF SUCH DAMAGES. 9.4. INDEMNIFICATION BY IMPRESSE. Subject to Section 9.6 [PROCEDURE], Impresse shall (i) defend at its sole expense VerticalNet and its officers, directors, employees and agents from and against any action, suit, proceeding or investigation brought by a third party and caused by, relating to, based upon, arising out of or in connection with (a) any breach by Impresse of the representations, warranties or agreements made by it in Section 8 of this Agreement, (b) negligence, recklessness or intentional misconduct on the part of Impresse or its officers, directors, employees, agents or consultants, (c) any claim arising out of VerticalNet's authorized use or possession of the portions of the Co-Branded Site provided by Impresse and the Impresse Site as permitted by this Agreement; or (d) any claim that any portion of the Impresse Site or the Impresse Area of the Co-Branded Site violates, infringes or misappropriates any Intellectual Property Right of any third party and (ii) pay all authorized costs, expenses and disbursements incurred in such defense, and any damages, liabilities, obligations, penalties or judgments awarded in any such action, or any settlement amount agreed to by Impresse. 9.5. INDEMNIFICATION BY VERTICALNET. Subject to Section 9.6 [PROCEDURE], VerticalNet shall (i) defend at its sole expense Impresse and its officers, directors, employees and agents from and against any action, suit, proceeding or investigation brought by a third party, caused by, relating to, based upon, arising out of or in connection with (a) any breach by VerticalNet of the representations, warranties or agreements made by it in Section 8 of this Agreement, (b) negligence, recklessness or intentional misconduct on the part of VerticalNet or its officers, directors, employees, agents or consultants, (c) any claim arising out of Impresse's use or possession of the portions of the Co-Branded Site provided by VerticalNet and the VerticalNet Sites as permitted by this Agreement; or (d) any claim that any portion of the VerticalNet Site or the VerticalNet Area of the Co-Branded Site violates, infringes or misappropriates any Intellectual Property Right of any third party and (ii) pay all costs, expenses and disbursements authorized by the Indemnitor (defined below) incurred in such defense, and any damages, liabilities, obligations, penalties or judgments awarded in any such action, or any settlement amount agreed to by VerticalNet. 9.6. PROCEDURE. If any action shall be brought against a party hereto or its officers, directors, employees, agents or consultants, the party against whom such action is brought shall be entitled to the defense and indemnification provided in this Article 9 [DISCLAIMER OF WARRANTY, LIMITATION OF LIABILITY AND INDEMNIFICATION] only upon the condition that the party against whom such action is brought (i) promptly notifies the other party in writing of the commencement of such action, (ii) permits the other party to assume the defense of such action, (iii) cooperates fully with the other party in the defense of such action, and (iv) does not settle or compromise such action without the prior written consent of the other party. The party against whom such action is brought shall also be entitled to participate in the defense of such action with counsel of its choice at its own expense. The party against whom such action is brought shall also be entitled to participate in the defense of such action with counsel of its choice at its own expense. The party against whom such action is brought shall also be entitled to participate in the defense of such action with counsel of its choice at its own expense. The party against whom such action is brought shall also be entitled to participate in the defense of such action with counsel of its choice at its own expense. The party against whom such action is brought shall also be entitled to participate in the defense of such action with counsel of its choice at its own expense. The party against whom such action is brought shall also be entitled to participate in the defense of such action"
InmodeLtd_20190729_F-1A_EX-10.9_11743243_EX-10.9_Manufacturing Agreement.pdf,"**Section 1:**
The Turn-Key Manufacturing Agreement is effective as of April 1, 2011, between Invasix Ltd. (Customer) and Flextronics Israel Ltd. (Contractor). The Contractor will provide manufacturing services to the Customer, including labor, materials, testing, packaging, and delivery, in accordance with the Customer's specifications. The Contractor will maintain production and storage space, as well as trained production and testing personnel, and will apply for and receive the ISO 13488 standard for the production facility. The Customer will provide technical specifications, standard operation procedures, drawings, bill of materials, approved vendors list, Gerber data, CAD files, quality requirements, and technical support. The Contractor will use its commercially reasonable efforts to cancel materials purchase orders and reduce inventory through return for credit programs or allocation for alternate programs. The Customer will be liable for forecasts, including purchase orders, forecasts, schedules, and pick lists, and will pay the Contractor 100% of the Contract Price for cancelled or delayed Products. The Contractor will provide an express limited warranty for the Products, which will be free from defects in workmanship, material, and manufacture, and will comply with the Specifications IPC610.B standard.

**Section 2:**
The Contractor will deliver Products to the Customer, with the quantity and destinations to be notified by the Customer. For deliveries within Israel, the Contractor will incur no additional cost, and the risk of loss and title will pass to the Customer upon delivery or invoice. The price for deliveries outside Israel will be agreed upon by the parties, with the Customer bearing all risk of loss, responsibility, and cost. The Contractor will ship and deliver the Products according to the Customer's instructions in the best and safest means of transportation.

**Section 3:**
This contract appears to be a purchase agreement between INMODE LTD. and an unspecified buyer, detailing the sale of various medical device components and testing equipment, including Fractora and BodyTite system parts, electrical testers, and manufacturing tools, with a specified source date of July 29, 2019. The agreement involves the transfer of ownership and likely warranties for the listed items.","15.1 Termination for cause If either party fails to meet anyone or more of the terms and conditions as stated in either this Agreement or the Appendices, Contractor and Customer agree to negotiate in good faith to resolve such default. If the defaulting party fails to cure such default or submit an acceptable written plan to resolve such default within thirty (30) days following notice of default, the non-defaulting party shall have the right to terminate this Agreement by furnishing the defaulting party with sixty (60) days written notice of termination. 15.2 Termination without cause Notwithstanding anything to the contrary stated in this Agreement, either party may terminate this Agreement at any time without cause by giving to the other party, not less than four (4) months written notice. 15.3 A Party may immediately terminate this Agreement should the other party: (i) become insolvent; (ii) enter into or filing a petition, arraignment or proceeding seeking an order for relief under the bankruptcy/insolvency laws of its respective jurisdiction; (iii) enter into a receivership of any of its assets; or (iv) enter into a dissolution of liquidation of its assets or an assignment for the benefit of its creditors.","Contractor shall keep in confidence all information relating to the foregoing, shall not use any part of it for any purpose except the performance of this Agreement or in connection therewith, and shall not enable any third party to use ft without the prior written consent of Customer or unless such information becomes public domain. Contractor shall ensure that all employees who directly participate in any of the services performed under this Agreement and may accordingly receive certain confidential information of the Customer are subject to similar non-disclosure and non-use undertakings and are made aware of the proprietary and confidential nature of the information. The provisions of this Section 19 shall survive termination or expiration of the Agreement.","18.4 No Other Liability. IN NO EVENT SHALL EITHER PARTY BE LIABLE TO THE OTHER FOR ANY INCIDENTAL, CONSEQUENTIAL, SPECIAL OR PUNITIVE DAMAGES OF ANY KIND OR NATURE ARISING OUT OF THIS AGREEMENT OR THE SALE OF PRODUCTS, WHETHER SUCH LIABILITY IS ASSERTED ON THE BASIS OF CONTRACT, TORT (INCLUDING THE POSSIBILITY OF NEGLIGENCE OR STRICT LIABILITY), OR OTHERWISE, EVEN IF THE PARTY HAS BEEN WARNED OF THE POSSIBILITY OF ANY SUCH LOSS OR DAMAGE. AND EVEN IF ANY OF THE LIMITED REMEDIES IN THIS AGREEMENT FAIL OF THEIR ESSENTIAL PURPOSE. IN ADDITION, NOTWITHSTANDING ANYTHING TO THE CONTRARY HEREIN OR OTHERWISE, THE PARTIES ACKNOWLEDGE THAT AS AN ELECTRONIC MANUFACTURING SERVICES PROVIDER WORKING ON A COST PLUS BASIS SUPPLIER MUST LIMIT ITS LIABILITY IN CONNECTION HEREWITH AND THEREFORE, CONTRACTOR’S LIABILITY IS FURTHER LIMITED IN ANY EVENT, UNDER ANY LAW, RULE OR REGULATION, TO ANY AMOUNT IT ACTUALLY RECEIVED IN CONSIDERATION OF THE MANUFACTURING SUBJECT MATTER OF THE RESPECTIVE CLAIM OR DEMAND BY CUSTOMER OR ANY THIRD PARTY."
LegacyEducationAllianceInc_20200330_10-K_EX-10.18_12090678_EX-10.18_Development Agreement.pdf,"**Section 1:**
This Real Estate Education Training Program Development Agreement between T&B Seminars, Inc. and Legacy Education Alliance Holdings, Inc. grants Legacy Education Alliance Holdings, Inc. the exclusive worldwide right and license to use T&B's intellectual property, including trademarks, copyrights, and trade secrets, to develop and operate a branded seminar style education business. In return, Legacy Education Alliance Holdings, Inc. shall pay royalties to T&B based on cash sales from the sale of products and services, with the parties sharing cash sales from the sale of new products developed jointly and independently developed products by T&B.

**Section 2:**
The parties shall share Cash Sales from the sale of new Products as follows: [●%] to LEA [●%] to T&B, with T&B also independently developing Products to be marketed and sold by T&B and fulfilled by T&B, sharing Cash Sales as follows: [●%] to LEA [●%] to T&B.

**Section 3:**
This Agreement constitutes the entire agreement between Legacy Education Alliance Holdings, Inc. and T&B Seminars, Inc. regarding the subject matter, supersedes all prior communications, and is governed by the laws of the State of New York.","14.9 No Assignment. Neither party may assign this Agreement without the other party’s prior written consent. Notwithstanding the foregoing, either party may assign this Agreement without the other party’s prior written consent in the event of a merger, acquisition, reorganization, change in control, or sale of substantially all of the assets or business of such assigning party. Any assignment in conflict with this provision shall be void. 14.11. Force Majeure. To the extent any event beyond the control of either party (such as an act of God, action of the elements, man-made or natural disaster, industry or supplier strike or other labor disturbance, or civil or military disturbance) shall prevent such party from performing any of its duties or obligations hereunder by the date provided or to be provided, the time for such performance shall be deemed extended for a period of time equivalent to the duration of such event; provided, however, that the party so prevented from performing must give prompt written notice to the other party of the nature of such event, the date when such event shall have taken place, and the date when the duration of such event shall have terminated; and further provided, however, that if performance shall be so prevented for a period of more than six months, the other party may terminate this Agreement by written notice of such termination, and thereafter neither party hereto shall be under any further liability or obligation to the other hereunder.","8.1. Each party acknowledges the other’s Confidential Information is unique and valuable and was developed or otherwise acquired by the other at great expense, and that any unauthorized disclosure or use of the other’s Confidential Information would cause the other irreparable injury loss for which damages would be an inadequate remedy. The party agrees to hold such Confidential Information in strictest confidence, to use all efforts reasonable under the circumstances to maintain the secrecy thereof, and not to make use thereof other than in accordance with this Agreement, and not to release or disclose Confidential Information to any third party without the other’s prior written consent, subject to a court order, or subject to a sublicense consistent with this Agreement and requiring the sublicensee to maintain the Confidential Information in strictest confidence, to use all efforts reasonable under the circumstances to maintain the secrecy thereof, not to make use thereof other than in accordance with the sublicense Agreement, and not to release or disclose Confidential Information to any third party without the other’s prior written consent. 8.2. Each party further acknowledges that any violation of this Section 5 shall constitute a material breach of this License Agreement resulting in irreparable injury to the non-breaching party and agree that, in addition to any and all other rights available to the non-breathing party by law or by this Agreement, the non-breaching party shall have the right to have an injunction entered against the party to enjoin any further violations of this Agreement.","12.2. EXCEPT FOR AMOUNTS PAYABLE TO THIRD PARTIES IN CONNECTION WITH CLAIMS SUBJECT TO THE INDEMNIFICATION PROVISIONS OF SECTION 9.1 OR A BREACH OF EITHER PARTY’S OBLIGATIONS UNDER SECTION 5 (CONFIDENTIALITY), NEITHER PARTY WILL, UNDER ANY CIRCUMSTANCES, BE LIABLE TO THE OTHER PARTY FOR ANY LOST PROFITS OR ANY OTHER SPECIAL, INDIRECT OR CONSEQUENTIAL DAMAGES ARISING OUT OF OR RELATING TO THIS AGREEMENT EVEN IF THE PARTY HAS BEEN NOTIFIED OF THE POSSIBILITY OF SUCH DAMAGES."
LejuHoldingsLtd_20140121_DRS (on F-1)_EX-10.26_8473102_EX-10.26_Content License Agreement2.pdf,"**Section 1:**
Beijing SINA and SINA Leju mutually terminate the Domain Name License Agreement dated May 8, 2008, effective upon the date of this Termination Agreement, with no provisions of the Original Agreement surviving such termination. This Termination Agreement represents the complete agreement between the parties and may not be modified except in writing. It shall be governed by the laws of the PRC and may be executed in one or more counterparts.","1.Beijing SINA and SINA Leju agree that, upon the date of execution of this Termination Agreement, the Agreement shall terminate and be of no further force or effect, and, for the avoidance of doubt, no provisions of the Original Agreement survive such termination.",NONE,NONE
LinkPlusCorp_20050802_8-K_EX-10_3240252_EX-10_Affiliate Agreement.pdf,"**Section 1:**
Axiometric and Link Plus Corporation form a joint venture to develop and market Automatic Meter Reading (AMR) product suites, with Axiometric owning the energy metering AMR product suite and joint ownership of the water meter AMR product suite. The parties agree to share proceeds from sales, with Axiometric receiving a percentage of the gross proceeds or net proceeds, depending on the sales channel.

**Section 2:**
The contract defines a Product Suite for utility data collection and processing, with Link Plus Corporation (LKPL) as the Delaware-based company responsible for manufacturing and delivering AMR products. LKPL will incur Production Costs, including materials, labor, and other fixed costs, and pay a Royalty to Axiometric under the Software License Agreement. The Gross Proceeds from product sales will be reduced by Production Costs to determine Net Proceeds.","If LKPL requires space used by Axiometric for LKPL's own purposes, then LKPL will attempt in good faith but without having any obligation to continue to provide Axiometric with comparable space. If LKPL deems itself unable to continue to provide Axiometric work space without expanding LKPL's facilities, and if LKPL determines it will be in its own best interests to expand its facilities, then LKPL will afford Axiometric the opportunity to lease space in the new facilities under a mutually acceptable separate commercial rental agreement. If Axiometric does not then wish to rent office space from LKPL, then LKPL may terminate Axiometric's license to use work space in LKPL's facility upon 60 days notice.","Axiometric shall be solely responsible for providing all equipment, furniture, supplies and other personal property that Axiometric deems appropriate to operate its business. LKPL will have no obligation to provide any special facilities or infrastructure unless otherwise negotiated. 2.5 LKPL will have no liability whatsoever for any of Axiometric's equipment, furniture, supplies or other personal property; Axiometric will use the space at its sole risk.","7.3 If suit or action is instituted to enforce any of the terms of this Agreement, then the prevailing party shall be entitled to recover from the other party such sums as the Court may adjudge reasonable as attorney's fees at trial on or appeal of such suit or action, in addition to all other sums provided by law."
LiquidmetalTechnologiesInc_20200205_8-K_EX-10.1_11968198_EX-10.1_Development Agreement.pdf,"**Section 1:**
Liquidmetal Technologies, Inc. and Eutectix, LLC collaborate on amorphous alloy development and manufacturing, with Liquidmetal granting Eutectix a license to use its equipment and intellectual property, including patents and technical information, for a royalty-bearing fee. Eutectix agrees to pay a 6% cash royalty on the invoice price of Licensed Products sold, with a waiver of royalty payments until the one-year anniversary of the Effective Date.

**Section 2:**
Eutectix agrees to pay Liquidmetal a cash commission of six percent (6.0%) of the Net Sales Price of Licensed Products sold by Eutectix or its permitted sublicensees, in addition to the Liquidmetal Royalty, with payments made in U.S. dollars within 30 days after the end of each calendar quarter.

**Section 3:**
Upon expiration or termination of this Agreement, Liquidmetal shall purchase from Eutectix existing raw material inventory at the purchase price paid by Eutectix to its suppliers, and Eutectix shall immediately cease all activities under this Agreement, unless otherwise agreed or requested in writing by Liquidmetal.

**Section 4:**
Eutectix and Liquidmetal Technologies Inc agree on confidentiality and compliance terms, including Eutectix's obligation to hold Liquidmetal's Confidential Information in strict confidence, use a high degree of care in safeguarding it, and take all precautions necessary to protect it. Eutectix must also comply with all applicable federal, national, state, provincial, and local laws, including Environmental Laws, and provide Liquidmetal with all necessary information, certificates, and records. In case of a breach, Liquidmetal may seek equitable relief, including injunction, without the requirement of posting a bond.

**Section 5:**
Eutectix and Liquidmetal Technologies, Inc. agree to a licensing agreement with specific field of use restrictions, including exclusions for consumer electronic products, watches, and luxury brand products. The agreement also requires Eutectix to obtain and maintain minimum insurance requirements, including workers' compensation, commercial general liability, and commercial automobile liability insurance.","This Agreement may be terminated by either Party upon written notice to the other Party, if the other Party fails to comply with any material provision of this Agreement and such failure continues for a period of thirty (30) days after receipt of written notice from the non-complying Party specifying such failure. Either Party may also terminate this Agreement if the other Party makes a general assignment for the benefit of creditors, files a petition under any bankruptcy or insolvency law, or has a receiver or trustee appointed for its property or business. Upon termination of this Agreement, all licenses granted hereunder shall terminate and all rights granted to Eutectix hereunder shall automatically revert to Liquidmetal. The termination of this Agreement shall not affect any rights or obligations of the Parties which have accrued prior to the date of termination. Upon termination of this Agreement, Eutectix shall immediately return to Liquidmetal all Confidential Information and all copies thereof in its possession or control. Upon termination of this Agreement, Liquidmetal shall immediately return to Eutectix all Confidential Information and all copies thereof in its possession or control. Upon termination of this Agreement, Eutectix shall immediately return to Liquidmetal all Licensed Technical Information and all copies thereof in its possession or control. Upon termination of this Agreement, Liquidmetal shall immediately return to Eutectix all Licensed Technical Information and all copies thereof in its possession or control. Upon termination of this Agreement, Eutectix shall immediately return to Liquidmetal all Licensed Patents and all copies thereof in its possession or control. Upon termination of this Agreement, Liquidmetal shall immediately return to Eutectix all Licensed Patents and all copies thereof in its possession or control. Upon termination of this Agreement, Eutectix shall immediately return to Liquidmetal all Licensed Products and all copies thereof in its possession or control. Upon termination of this Agreement, Liquidmetal shall immediately return to Eutectix all Licensed Products and all copies thereof in its possession or control. Upon termination of this Agreement, Eutectix shall immediately return to Liquidmetal all Licensed Patents and all copies thereof in its possession or control. Upon termination of this Agreement, Liquidmetal shall immediately return to Eutectix all Licensed Patents and all copies thereof in its possession or control. Upon termination of this Agreement, Eutectix shall immediately return to Liquidmetal all Licensed Products and all copies thereof in its possession or control. Upon termination of this Agreement, Liquidmetal shall immediately return to Eutectix all Licensed Products and all copies thereof in its possession or control. Upon termination of this Agreement, Eutectix shall immediately return to Liquidmetal all Licensed Patents and all copies thereof in its possession or control. Upon termination of this Agreement, Liquidmetal shall immediately return to Eutectix all Licensed Patents and all copies thereof in its possession or control. Upon termination of this Agreement, Eutectix shall immediately return to Liquidmetal all Licensed Products and all copies thereof in its possession or control. Upon termination of this Agreement, Liquidmetal shall immediately return to Eutectix all Licensed Products and all copies thereof in its possession or control. Upon termination of this Agreement, Eutectix shall immediately return to Liquidmetal all Licensed Patents and all copies thereof in its possession or control. Upon termination of this Agreement, Liquidmetal shall immediately return to Eutectix all Licensed Patents and all copies thereof in its possession or control. Upon termination of this Agreement, Eutectix shall immediately return to Liquidmetal all Licensed Products and all copies thereof in its possession or control. Upon termination of this Agreement, Liquidmetal shall immediately return to Eutectix all Licensed Products and all copies thereof in its possession or control. Upon termination of this Agreement, Eutectix shall immediately return to Liquidmetal all Licensed Patents and all copies thereof in its possession or control. Upon termination of this Agreement, Liquidmetal shall immediately return to Eutectix all Licensed Patents and all copies thereof in its possession or control. Upon termination of this Agreement, Eutectix shall immediately return to Liquidmetal all Licensed Products and all copies thereof in its possession or control. Upon termination of this Agreement, Liquidmetal shall immediately return to Eutectix all Licensed Products and all copies thereof in its possession or control. Upon termination of this Agreement, Eutectix shall immediately return to Liquidmetal all Licensed Patents and all copies thereof in its possession or control. Upon termination of this Agreement, Liquidmetal shall immediately return to Eutectix all Licensed Patents and all copies thereof in its possession or control. Upon termination of this Agreement, Eutectix shall immediately return to Liquidmetal all Licensed Products and all copies thereof in its possession or control. Upon termination of this Agreement, Liquidmetal shall immediately return to Eutectix all Licensed Products and all copies thereof in its possession or control. Upon termination of this Agreement, Eutectix shall immediately return to Liquidmetal all Licensed Patents and all copies thereof in its possession or control. Upon termination of this Agreement,","Liquidmetal and Eutectix are sometimes referred to herein individually as a “Party” or collectively as the “Parties.” NOW THEREFORE, in consideration of the premises and the mutual covenants and agreements set forth herein and other good and valuable consideration, the receipt and sufficiency are hereby acknowledged, the Parties hereto hereby agree as follows: THE LICENSED EQUIPMENT AND TRANSFERRED ALLOY ARE BEING PROVIDED “AS IS” AND “WITH ALL FAULTS” AND WITH NO WARRANTIES OF ANY KIND, INCLUDING WITHOUT LIMITATION WARRANTIES OF FITNESS FOR A PARTICULAR PURPOSE. Liquidmetal shall deliver all available Licensed Technical Information to Eutectix within ten (10) days of the Effective Date. Eutectix shall maintain the Licensed Equipment only in such designated Eutectix Property and shall not relocate the Licensed Equipment from such Eutectix Property without the prior written consent of Liquidmetal. Eutectix’s acknowledgement of receipt of the Licensed Equipment will constitute an acknowledgement that Eutectix has received and accepted and possesses the Licensed Equipment on bailment for the benefit of Liquidmetal and that such receipt of the Licensed Equipment is not subject to the terms and conditions of any applicable laws pertaining to sales and/or secured transactions. The Licensed Equipment: (a) is and shall remain the sole property of Liquidmetal, (b) shall be made available for reasonable inspection upon at least three (3) weeks prior written request by Liquidmetal, such inspection not to occur more than once per year during the Term, to be conducted with minimal business disruption to Eutectix and to be conducted at Liquidmetal’s sole cost and expense and Eutectix shall, at its own expense: (c) keep the Licensed Equipment in a suitable place, safe from loss or damage; (d) subscribe to an insurance policy from an insurance company reasonably acceptable to Eutectix covering the Licensed Equipment at full replacement value against fire, theft and such other normal business risks, with a waiver of subrogation in favor of Liquidmetal and with Liquidmetal to be named as an additional insured and loss payee, and provide, upon receipt of a written request from Liquidmetal, a certificate evidencing such insurance, and comply with all requirements associated with such insurance policy; (e) keep the Licensed Equipment in good working order and condition, excepting normal wear and tear, and perform all regular and routine maintenance and repairs on the Equipment; (f) perform no act or omission inconsistent with Liquidmetal’s sole ownership of the Licensed Equipment, nor attempt to sell, assign, loan, donate, mortgage, pledge or in any other manner permit the Licensed Equipment to be encumbered; (g) comply with all reasonable directions given by Liquidmetal regarding (A) the inspection of the Licensed Equipment, including upon termination or expiration of the Agreement and in connection with any non-ordinary or non-routine revisions or alterations to the Licensed Equipment, (B) the removal and shipment of the Licensed Equipment, including upon termination or expiration of the Agreement, and (C) protecting or perfecting Liquidmetal’s interest in the Licensed Equipment, including by executing and permitting Liquidmetal to file financing statements and other documents with respect thereto, at Liquidmetal’s expense; and (h) shall be liable for all loss or damage to Licensed Equipment, except for normal wear and tear of the Licensed Equipment. Eutectix may, with prior written consent of Liquidmetal (such consent not to be unreasonably withheld, conditioned or delayed), (i) transfer or move any Licensed Equipment, (j) make or cause to be made any non-ordinary or non-routine revisions or alterations to the Licensed Equipment. Liquidmetal hereby waives the payment of any Liquidmetal Royalty otherwise due and payable pursuant to this Agreement until the one (1) year anniversary of the Effective Date. Eutectix agrees that in the event any Licensed Products shall be sold (1) to any Affiliate (as defined herein), or (2) to a corporation, firm, or association with which, or individual with whom Eutectix or its stockholders or Affiliates shall have any agreement, understanding, or arrangement (such as, among other things, an option to purchase stock, or an arrangement involving a division of profits or special rebates or allowances) without which agreement, understanding, or arrangement, prices paid by such a corporation, firm, association or individual for the Licensed Products would be higher than the Net Sales Price reported by Eutectix, or if such agreement, understanding, or arrangement results in extending to such corporation, firm, association, or individual lower prices for Licensed Products than those charged to outside concerns buying similar products in similar amounts and under similar conditions, then, and in any such events, the royalties to be paid hereunder in respect of such Licensed Products shall be computed based on an assumed or deemed Net Sales Price equal to those charged to such outside concerns. Liquidmetal and Eutectix are sometimes referred to herein individually as a “Party” or collectively","THE WARRANTIES SET FORTH IN THIS ARTICLE 3 ARE THE SOLE WARRANTIES GIVEN BY EUTECTIX AND ARE IN LIEU OF ANY OTHER WARRANTIES EITHER EXPRESS OR IMPLIED. EUTECTIX DOES NOT MAKE ANY WARRANTIES REGARDING MERCHANTABILITY OR FITNESS FOR A PARTICULAR PURPOSE. Eutectix agrees to indemnify, defend and hold the Liquidmetal Indemnified Parties (as defined in Section 12.1) harmless from and against any and all claims, demands liabilities, losses, costs and expenses (including without limitation, costs of investigation and reasonable attorney’s fees) irrespective of the theory upon which based, which Liquidmetal or any other Liquidmetal Indemnified Party may suffer or incur as a result of any breach of the representations or warranties of Eutectix set forth in this Article 3."
"NETGEAR,INC_04_21_2003-EX-10.16-AMENDMENT TO THE DISTRIBUTOR AGREEMENT BETWEEN INGRAM MICRO AND NETGEAR-.pdf","**Section 1:**
This Agreement constitutes the entire agreement between Distributor and NETGEAR with respect to the purchase, resale, and distribution of the Products, governed by the laws of the State of California, and includes an initial Discount of [*] off the then current NETGEAR list price for Products included on the NETGEAR Price List on the Effective Date. The Agreement may not be assigned without prior written permission from the other party, and NETGEAR reserves the right to add Products to the Price List at its sole discretion. The Distributor's appointment as Distributor shall be non-exclusive after the initial one-year period, and NETGEAR may appoint other distributors in the Territory at its sole discretion.","This Agreement may not be assigned by either party without prior written permission from the other party, which permission shall not be unreasonably withheld or delayed. Any attempt by either party to assign any right, or delegate any duty or obligation which arises under the Agreement without such permission will be voidable.","Neither party shall disclose to any third party any confidential information or trade secrets of the other party, including but not limited to, the terms and conditions of this Agreement, the prices and discounts for the Products, the marketing plans and strategies, and any other information that may be designated as confidential by either party. The parties agree to use their best efforts to protect the confidentiality of such information and to return all confidential documents and materials to the other party upon request. The obligations of confidentiality and non-disclosure shall survive the termination of this Agreement.","G. Neither party is liable for its failure or delay to perform its obligations under the Agreement due to strikes, wars, revolutions, acts of terrorism, fires, floods, explosions, earthquakes, shortages in labor, components or materials, government regulations, or other causes beyond its control."
NeuroboPharmaceuticalsInc_20190903_S-4_EX-10.36_11802165_EX-10.36_Manufacturing Agreement_ Supply Agreement.pdf,"**Section 1:**
Dong-A ST Co., Ltd. and NeuroBo Pharmaceuticals, Inc. enter into a manufacturing and supply agreement for the Licensed Products, with Dong-A agreeing to manufacture and supply the products to NeuroBo for research and development, including phase III clinical trials, in compliance with Korea Good Manufacturing Practices. NeuroBo shall purchase the products from Dong-A on the terms and conditions set forth in the agreement, including payment of the supply price within [***] days prior to shipment. The agreement shall continue for a period of [***] years and may be terminated by either party in case of material breach or bankruptcy.

**Section 2:**
This contract appears to be a licensing agreement between Neurobo Pharmaceuticals, Inc. and Dong-A ST Co., Ltd. for the supply of active pharmaceutical ingredients, with Dong-A ST Co., Ltd. obligated to supply the ingredients in accordance with specified product and API specifications, and Neurobo Pharmaceuticals, Inc. responsible for payment of the supply price as set forth in Schedule 4.2.","This Agreement shall automatically terminate in case the License Agreement is terminated for any reason specified therein. A Party may terminate this Agreement by notice to the other Party if the other Party is in material breach of any provision of this Agreement, and (a)the breaching Party has not cured the breach within [***] days after receiving notice from the terminating Party; or (b)if the breach cannot reasonably be cured within the [***]-day period, the breaching Party has not started to remedy the breach within the [***]-day period and diligently endeavored to cure the breach within a reasonable time thereafter. Either Party may terminate this Agreement immediately upon notice to the other Party in the event that (a) the other Party is the subject of a petition for bankruptcy, reorganization, or arrangement, whether voluntary or involuntary, and the same is not dismissed within thirty (30) days thereof, (b) a receiver or trustee is appointed for all or a substantial portion of the assets of the other Party, or (c) the other Party makes an assignment for the benefit of its creditors.","Unless otherwise defined in this Agreement, the capitalized terms utilized herein shall have 1 Source: NEUROBO PHARMACEUTICALS, INC., S-4, 9/3/2019 the same meanings as defined in the License Agreement.","8.INCORPORATION BY REFERENCE Articles or Sections 8.2 (Limitation of Liability), 9 (Indemnification), 12.2 (Force Majeure), 12.3 (Assignment), 12.4 (Severability), 12.6 (Remedies), 12.8 (Submission to Jurisdiction/Waiver of Jury Trial), 12.9 (Independent Contractor/No Agency), 12.10 (Entire Agreement) of the License Agreement shall be deemed to be incorporated herein by reference as it is set forth in this Agreement"
PalmerSquareCapitalBdcInc_20200116_10-12GA_EX-10.6_11949289_EX-10.6_Trademark License Agreement.pdf,"**Section 1:**
Palmer Square Capital Management LLC grants Palmer Square Capital BDC Inc. a non-exclusive, royalty-free right to use the ""Palmer Square"" trademark as part of its corporate name and in connection with marketing investment management services, subject to quality control and compliance with laws. The license is terminable by either party or upon notice of a third-party claim, and upon termination, the licensee must discontinue use of the trademark and specify its disassociation with the licensor.",This Agreement shall expire if the Investment Advisor or one of its affiliates ceases to serve as investment adviser to the Licensee. This Agreement shall be terminable by Licensor at any time and in its sole discretion in the event that Licensor or Licensee receives notice of any Third Party Claim arising out of Licensee’s use of the Licensed Mark; by Licensor or Licensee upon sixty (60) days’ written notice to the other party; or by Licensee at any time in the event Licensee assigns or attempts to assign or sublicense this Agreement or any of Licensee’s rights or duties hereunder without the prior written consent of Licensor.,"NOW, THEREFORE, in consideration of the mutual covenants and agreements set forth herein, and for other good and valuable consideration, the receipt and sufficiency of which are hereby acknowledged, the parties agree as follows:

ARTICLE 2. COMPLIANCE

2.3. Notification of Infringement. Each party shall immediately notify the other party and provide to the other party all relevant background facts upon becoming aware of (a) any registrations of, or applications for registration of, marks in the Territory that do or may conflict with the Licensor’s rights in the Licensed Mark or the rights granted to the Licensee under this Agreement, (b) any infringements or misuse of the Licensed Mark in the Territory by any third party (“Third Party Infringement”), or (c) any claim that Licensee’s use of the Licensed Mark infringes the intellectual property rights of any third party in the Territory (“Third Party Claim”). Licensor shall have the exclusive right, but not the obligation, to prosecute, defend and/or settle in its sole discretion, all actions, proceedings and claims involving any Third Party Infringement or Third Party Claim, and to take any other action that it deems necessary or proper for the protection and preservation of its rights in the Licensed Mark. Licensee shall cooperate with Licensor in the prosecution, defense or settlement of such actions, proceedings or claims.","Licensee shall immediately delete the term “Palmer Square” from its corporate name and shall discontinue all other use of the Licensed Mark. For twenty-four (24) months following termination of this Agreement, Licensee shall specify on all public-facing materials in a prominent place and in prominent typeface that Licensee is no longer operating under the Licensed Mark, is no longer associated with Licensor, or such other notice as may be deemed necessary by Licensor in its sole discretion in its prosecution, defense, and/or settlement of any Third Party Claim."
PelicanDeliversInc_20200211_S-1_EX-10.3_11975895_EX-10.3_Development Agreement1.pdf,"**Section 1:**
Seattle Software Developers will develop iOS application enhancements and web application development for Pelican Delivers, including POS integration, Google Maps API, payment processing features, ID verification, reporting, driver app improvement, and workflow, with a total fee of $279,000.00 paid in four installments of $55,800.00 each, with the project expected to take around six months to complete.",NONE,NONE,NONE
PfHospitalityGroupInc_20150923_10-12G_EX-10.1_9266710_EX-10.1_Franchise Agreement1.pdf,"**Section 1:**
The contract grants the Franchisee the right to operate a ""Pizza Fusion"" restaurant business at a specified location, using the franchisor's proprietary marks and system, for a term of ten years, with the option to continue for two additional terms. The Franchisee must pay an initial franchise fee of $30,000 and a weekly royalty fee equal to six percent of their gross revenues, as well as advertising contributions equal to three percent of their gross revenues during certain periods.

**Section 2:**
You must pay Advertising Contributions, which are up to two percent (2%) of your Gross Revenues for the preceding Period, and may be required to contribute up to an additional two percent (2%) if the Regional Fund members vote to increase the total contribution. Your Royalty payments and Advertising Contributions are due by the first day after the end of each Period, and you must pay all other amounts due to us as specified in this Agreement.

**Section 3:**
The contract requires the franchisee to obtain various insurance policies, including a commercial general liability policy with limits of $1,000,000, an employee fidelity bond of $2,000,000, and umbrella form excess liability insurance with limits of $3,000,000 per occurrence and annual aggregate. The franchisee must also satisfy pre-opening requirements, obtain written approval to open the business, and begin operating within seven days after approval. The franchisee is required to comply with the franchisor's operating manual, standards, and specifications, and must obtain licenses and permits to sell alcoholic beverages. The franchisee must also maintain a customer list and provide it to the franchisor on a quarterly basis.

**Section 4:**
You must service Major Accounts on our behalf, in accordance with negotiated pricing and terms, and may not enter into conflicting relationships with customers. We have the right to handle billing and collection, and you may opt out of servicing a Major Account. If we terminate your right to service a Major Account, we may service it ourselves without compensation to you.

**Section 5:**
You agree to use the Proprietary Marks only as approved, and not to use them to incur any obligation or indebtedness on behalf of the franchisor, or as part of your corporate or legal name. You must also comply with the franchisor's instructions in filing and maintaining trade name or fictitious name registrations. The franchisor has the right to change, discontinue, or substitute the Proprietary Marks without liability, and you agree to implement any such change at your own expense.

**Section 6:**
You agree to abide by our requirements with respect to the Computer System, which includes installing and using computer software programs and accounting system software, and implementing periodic upgrades as we may reasonably request. You also agree to provide us with exclusive ownership of all data collected from customers, including customer data, and to use this data only in accordance with our established policies. Additionally, you must comply with our standards and policies pertaining to privacy laws, and obtain our prior written consent before establishing a website or using the proprietary marks.

**Section 7:**
The contract outlines the terms for transferring ownership of a franchised business, including requirements for the transferee, transfer fee, and conditions for consent. The transfer fee is $7,500, or 25% of the initial franchise fee, and the transferee must satisfy conditions such as completing training and paying the fee, executing a personal guarantee, and conforming the business to the franchisor's standards. The franchisor also reserves the right of first refusal to purchase the interest proposed to be transferred.

**Section 8:**
Upon termination or expiration of this Agreement, the franchisee must promptly pay all sums owing to the franchisor, including royalty payments, and immediately cease using the confidential methods, procedures, and techniques associated with the System. The franchisee must also deliver to the franchisor all confidential materials, customer information, and property in their possession, and stop using the name ""Pizza Fusion"" and other Proprietary Marks. The franchisor may purchase the franchisee's assets used to operate the Franchised Business at a depreciated cost or fair market value, whichever is less.

**Section 9:**
This Agreement governs the relationship between Pizza Fusion Holdings, Inc. and the Franchisee, outlining the terms and conditions of the franchise, including the operation of the restaurant, payment obligations, and dispute resolution. The parties agree to submit disputes to non-binding mediation and waive their right to a jury trial, class actions, and punitive damages. The Franchisee acknowledges that they have conducted an independent investigation of the business venture and assumes sole responsibility for its success, while Pizza Fusion Holdings, Inc. retains the right to establish and modify system standards.","Upon termination or expiration of this Agreement for any reason, unless we direct you otherwise: 16.1.1. You agree to promptly pay all sums owing to us, our affiliates and suppliers, including, but not limited to, Royalty payments, contributions to the Marketing Fund, or other fees, damages, expenses, and attorney’s fees incurred as a result of your default. 16.1.2. You agree to stop making any use of the confidential methods, procedures, and techniques associated with the System. You also agree to immediately deliver to us the Manual and all training materials, marketing materials, records, files, forms, instructions, signs, equipment, correspondence, copies, Customer Data, and other property in your possession or control that contain confidential information (as defined in Section 12) or that bear the Proprietary Marks and you agree not to retain any unauthorized copies of these materials. 16.1.3. You agree to immediately cease to use, by advertising or in any other manner, the name “Pizza Fusion,” all other Proprietary Marks, and all other distinctive forms, slogans, signs, symbols, Websites, domain name, website, e-mail address, and any other identifier (whether or not we have authorized its use) that you used in connection with your operation of the Franchised Business or that are otherwise associated with the Proprietary Marks, System, and/or us. If you subsequently begin to operate another business, you agree that you will not use any reproduction, counterfeit, copy or colorable imitation of the Proprietary Marks that you used either in connection with the Franchised Business or its promotion, which is likely to cause confusion, mistake or deception, or which is likely to dilute our exclusive rights in and to the Proprietary Marks, nor any trade dress or designation of origin or description or representation which falsely suggests or represents an association or connection with us. 16.1.4. You agree to promptly take such action as may be necessary to cancel any assumed name registration or equivalent registration containing the name PIZZA FUSION or any other Proprietary Marks. 16.1.5 You will, at our option, assign to us any interest which you have in the lease or sublease for the Premises. (a) If we do not elect or are unable to exercise our option to acquire, or to acquire the lease or sublease for the Premises, you must make such modifications or alterations to the premises operated hereunder (including, without limitation, the changing of the telephone number) immediately upon termination or expiration of this Agreement as may be necessary to distinguish the appearance of the Premises from that of other Restaurants under the System, and such specific additional changes as we may reasonably request for that purpose. In addition, you must stop making any use of any telephone number and/or any domain name, website, e-mail address, and any other identifier (whether or not we have authorized its use) that you used in connection with your operation of the Franchised Business, and you must promptly execute such documents or take such steps necessary to remove reference to the Franchised Business from all trade or business telephone directories, including physical and online “yellow” and “white” pages, or at our request transfer same to us. (b) If you fail or refuse to comply with the requirements of this Section 16.1.5 [OBLIGATIONS ON TERMINATION OR EXPIRATION], we will have the right to enter upon the Premises, without being guilty of trespass or any other tort, for the purpose of making or causing to be made such changes as may be required, at your expense, which you agree to pay upon demand.","You agree to stop making any use of the confidential methods, procedures, and techniques associated with the System. You also agree to immediately deliver to us the Manual and all training materials, marketing materials, records, files, forms, instructions, signs, equipment, correspondence, copies, Customer Data, and other property in your possession or control that contain confidential information (as defined in Section 12) or that bear the Proprietary Marks and you agree not to retain any unauthorized copies of these materials.

You also must deliver to us all customer information that you have compiled.

You agree to immediately cease to use, by advertising or in any other manner, the name “Pizza Fusion,” all other Proprietary Marks, and all other distinctive forms, slogans, signs, symbols, Websites, domain name, website, e-mail address, and any other identifier (whether or not we have authorized its use) that you used in connection with your operation of the Franchised Business or that are otherwise associated with the Proprietary Marks, System, and/or us.

You agree to promptly take such action as may be necessary to cancel any assumed name registration or equivalent registration containing the name PIZZA FUSION or any other Proprietary Marks.

You will, at our option, assign to us any interest which you have in the lease or sublease for the Premises.

You agree that, at our option, you will sell to us any or all your assets used to operate the Franchised Business (including equipment, fixtures, furnishings, Delivery Vehicles, supplies, and inventory) that we ask in writing to purchase.

You agree to hold harmless, defend, and indemnify us and our past, present and future affiliates, officers, directors, shareholders, agents, attorneys, consultants, and employees against any claims, losses, costs, expenses (including, but not limited to, reasonable attorneys’ fees, costs of investigation, settlement costs, and interest), liabilities and damages (collectively, “Claims”) arising directly or indirectly from, as a result of, or in connection with your activities under this Agreement.

You agree to promptly pay all sums owing to us, our affiliates and suppliers, including, but not limited to, Royalty payments, contributions to the Marketing Fund, or other fees, damages, expenses, and attorney’s fees incurred as a result of your default.

You agree to immediately cease to use, by advertising or in any other manner, the name “Pizza Fusion,” all other Proprietary Marks, and all other distinctive forms, slogans, signs, symbols, Websites, domain name, website, e-mail address, and any other identifier (whether or not we have authorized its use) that you used in connection with your operation of the Franchised Business or that are otherwise associated with the Proprietary Marks, System, and/or us.

You agree to promptly take such action as may be necessary to cancel any assumed name registration or equivalent registration containing the name PIZZA FUSION or any other Proprietary Marks.

You agree to hold harmless, defend, and indemnify us and our past, present and future affiliates, officers, directors, shareholders, agents, attorneys, consultants, and employees against any claims, losses, costs, expenses (including, but not limited to, reasonable attorneys’ fees, costs of investigation, settlement costs, and interest), liabilities and damages (collectively, “Claims”) arising directly or indirectly from, as a result of, or in connection with your activities under this Agreement.

You agree to promptly pay all sums owing to us, our affiliates and suppliers, including, but not limited to, Royalty payments, contributions to the Marketing Fund, or other fees, damages, expenses, and attorney’s fees incurred as a result of your default.

You agree to stop making any use of any telephone number and/or any domain name, website, e-mail address, and any other identifier (whether or not we have authorized its use) that you used in connection with your operation of the Franchised Business, and you must promptly execute such documents or take such steps necessary to remove reference to the Franchised Business from all trade or business telephone directories, including physical and online “yellow” and “white” pages, or at our request transfer same to us.

You agree to immediately cease to use, by advertising or in any other manner, the name “Pizza Fusion,” all other Proprietary Marks, and all other distinctive forms, slogans, signs, symbols, Websites, domain name, website, e-mail address, and any other identifier (whether or not we have authorized its use) that you used in connection with your operation of the Franchised Business or that are otherwise associated with the Proprietary Marks, System, and/or us.

You agree to promptly take such action as may be necessary to cancel any assumed name registration or equivalent registration containing the name PIZZA FUSION or any other Proprietary Marks.

You agree to hold harmless, defend, and indemnify us and our past, present and future affiliates, officers","Neither party shall be liable for any indirect, special, consequential, or punitive damages, including but not limited to, loss of business, loss of reputation, loss of goodwill, loss of anticipated profits, loss of use of equipment, loss of data, loss of customer relationships, loss of market share, loss of opportunity, loss of right to use the System, loss of right to use the Proprietary Marks, loss of right to use the confidential methods, procedures, and techniques associated with the System, loss of right to use the confidential information, loss of right to use the confidential materials, loss of right to use the confidential records, loss of right to use the confidential files, loss of right to use the confidential forms, loss of right to use the confidential instructions, loss of right to use the confidential signs, loss of right to use the confidential equipment, loss of right to use the confidential correspondence, loss of right to use the confidential copies, loss of right to use the confidential Customer Data, loss of right to use the confidential property, loss of right to use the confidential information, loss of right to use the confidential materials, loss of right to use the confidential records, loss of right to use the confidential files, loss of right to use the confidential forms, loss of right to use the confidential instructions, loss of right to use the confidential signs, loss of right to use the confidential equipment, loss of right to use the confidential correspondence, loss of right to use the confidential copies, loss of right to use the confidential Customer Data, loss of right to use the confidential property, loss of right to use the confidential information, loss of right to use the confidential materials, loss of right to use the confidential records, loss of right to use the confidential files, loss of right to use the confidential forms, loss of right to use the confidential instructions, loss of right to use the confidential signs, loss of right to use the confidential equipment, loss of right to use the confidential correspondence, loss of right to use the confidential copies, loss of right to use the confidential Customer Data, loss of right to use the confidential property, loss of right to use the confidential information, loss of right to use the confidential materials, loss of right to use the confidential records, loss of right to use the confidential files, loss of right to use the confidential forms, loss of right to use the confidential instructions, loss of right to use the confidential signs, loss of right to use the confidential equipment, loss of right to use the confidential correspondence, loss of right to use the confidential copies, loss of right to use the confidential Customer Data, loss of right to use the confidential property, loss of right to use the confidential information, loss of right to use the confidential materials, loss of right to use the confidential records, loss of right to use the confidential files, loss of right to use the confidential forms, loss of right to use the confidential instructions, loss of right to use the confidential signs, loss of right to use the confidential equipment, loss of right to use the confidential correspondence, loss of right to use the confidential copies, loss of right to use the confidential Customer Data, loss of right to use the confidential property, loss of right to use the confidential information, loss of right to use the confidential materials, loss of right to use the confidential records, loss of right to use the confidential files, loss of right to use the confidential forms, loss of right to use the confidential instructions, loss of right to use the confidential signs, loss of right to use the confidential equipment, loss of right to use the confidential correspondence, loss of right to use the confidential copies, loss of right to use the confidential Customer Data, loss of right to use the confidential property, loss of right to use the confidential information, loss of right to use the confidential materials, loss of right to use the confidential records, loss of right to use the confidential files, loss of right to use the confidential forms, loss of right to use the confidential instructions, loss of right to use the confidential signs, loss of right to use the confidential equipment, loss of right to use the confidential correspondence, loss of right to use the confidential copies, loss of right to use the confidential Customer Data, loss of right to use the confidential property, loss of right to use the confidential information, loss of right to use the confidential materials, loss of right to use the confidential records, loss of right to use the confidential files, loss of right to use the confidential forms, loss of right to use the confidential instructions, loss of right to use the confidential signs, loss of right to use the confidential equipment, loss of right to use the confidential correspondence, loss of right to use the confidential copies, loss of right to use the confidential Customer Data, loss of right to use the confidential property, loss of right to use the confidential information, loss of right to use the confidential materials, loss of right to use the confidential records, loss of right to use the confidential files, loss of right to use the confidential forms, loss of right"
RareElementResourcesLtd_20171019_SC 13D_EX-99.4_10897534_EX-99.4_Intellectual Property Agreement.pdf,"**Section 1:**
The contract between Rare Element Resources Ltd. and Synchron grants Synchron a worldwide, royalty-free, non-exclusive license to use the Company's Patents and Technical Information for rare earth mineral processing and separation, with the right to grant sublicenses to Affiliates, for the duration of the Option Period, which may be extended with an annual licensing fee. If the Option is exercised, the license becomes exclusive to Synchron for a perpetual term, and the rights granted to Synchron include the right to grant sublicenses to Third Parties.

**Section 2:**
This IP Agreement outlines the terms and conditions for the licensing and protection of intellectual property rights between Rare Element Resources Ltd. and Synchron, including the development and use of improvements and technical information. The agreement grants exclusive rights to Company to enforce patents and Company agrees to reasonably cooperate with Investor in such suits for infringement. Investor will hold Company harmless in the event of liability, and Company will hold Investor harmless in the event of liability. The agreement also includes provisions for non-assignability, severability, waiver, integration, alteration, execution, cooperation, construction, exportation of technical information, notices, term and termination, bankruptcy, and dispute resolution.","This IP Agreement may be terminated by either Party upon written notice to the other Party, in the event that the other Party commits a material breach of any provision of this IP Agreement and fails to cure such breach within thirty (30) days after receipt of written notice thereof. This IP Agreement may also be terminated by either Party upon written notice to the other Party, in the event that the other Party shall make a general assignment for the benefit of its creditors, or shall file a petition under any bankruptcy or insolvency law, or shall be adjudicated bankrupt or insolvent, or shall have a receiver or trustee appointed to take possession of substantially all of its assets, or shall be dissolved or liquidated. Upon termination of this IP Agreement, all licenses granted hereunder shall terminate and the rights granted to Investor under this IP Agreement shall revert to Company. The termination of this IP Agreement shall not affect any rights or obligations of the Parties which have accrued prior to the date of termination. Upon termination of this IP Agreement, Investor shall promptly return to Company all Technical Information and all copies thereof in Investor's possession or control. The termination of this IP Agreement shall not relieve either Party of any liability for any breach of this IP Agreement prior to the date of termination. This IP Agreement may be terminated by either Party upon written notice to the other Party, in the event that the other Party shall make a general assignment for the benefit of its creditors, or shall file a petition under any bankruptcy or insolvency law, or shall be adjudicated bankrupt or insolvent, or shall have a receiver or trustee appointed to take possession of substantially all of its assets, or shall be dissolved or liquidated. Upon termination of this IP Agreement, all licenses granted hereunder shall terminate and the rights granted to Investor under this IP Agreement shall revert to Company. The termination of this IP Agreement shall not affect any rights or obligations of the Parties which have accrued prior to the date of termination. Upon termination of this IP Agreement, Investor shall promptly return to Company all Technical Information and all copies thereof in Investor's possession or control. The termination of this IP Agreement shall not relieve either Party of any liability for any breach of this IP Agreement prior to the date of termination.","3.06 Investor will not disclose to Third Parties any unpublished Technical Information furnished by Company to Investor during the term of this IP Agreement, or any time thereafter; provided, however, that disclosure may be made of any such Technical Information at any time (i) with the prior written consent of Company, (ii) to Affiliates of Investor, (iii) to Third Parties, in confidence, if and when the Option is exercised before the expiration of the Option Period, (iv) after such Technical Information has become public through no fault of Investor, (v) if such Technical Information is received from a third person who had a right to disclose it, (vi) if Investor can show such Technical Information was independently developed without access to any such Technical Information, or (vii) if Investor can demonstrate such Technical Information was in its rightful possession free of any obligation of confidentiality prior to its first receipt from Company.","SUBJECT TO AND EXCEPT FOR ANY INDEMNIFICATION OBLIGATIONS UNDER ARTICLE 3.09 ABOVE, NOTHING IN THIS IP AGREEMENT WILL BE DEEMED TO BE A REPRESENTATION OR WARRANTY BY COMPANY OF THE ACCURACY, SAFETY OR USEFULNESS FOR ANY PURPOSE OF ANY TECHNICAL INFORMATION, TECHNIQUES, OR PRACTICES AT ANY TIME MADE AVAILABLE BY COMPANY. COMPANY WILL HAVE NO LIABILITY WHATSOEVER TO INVESTOR OR ANY OTHER PERSON FOR OR ON ACCOUNT OF ANY INJURY, LOSS OR DAMAGE OF ANY KIND OR NATURE, SUSTAINED BY, OR ANY DAMAGES ASSESSED OR ASSERTED AGAINST, OR ANY OTHER LIABILITY INCURRED BY OR IMPOSED ON INVESTOR OR ANY OTHER PERSON, ARISING OUT OF OR IN CONNECTION WITH OR RESULTING FROM: (A) THE PRODUCTION, USE OR SALE OF ANY APPARATUS OR PRODUCT OR METHOD, OR THE PRACTICE OF THE PATENTS BY INVESTOR OR ITS ASSIGNS; (B) THE USE BY INVESTOR OR ITS ASSIGNS OF ANY TECHNICAL INFORMATION, TECHNIQUES, OR PRACTICES DISCLOSED BY COMPANY; OR (C) ANY ADVERTISING OR OTHER PROMOTIONAL ACTIVITIES BY INVESTOR OR ITS ASSIGNS WITH RESPECT TO ANY OF THE FOREGOING, AND INVESTOR WILL HOLD COMPANY, AND ITS OFFICERS, EMPLOYEES AND AGENTS, HARMLESS IN THE EVENT COMPANY, OR ITS OFFICERS, EMPLOYEES OR AGENTS, IS HELD LIABLE. NOTHING IN THIS IP AGREEMENT WILL BE DEEMED TO BE A REPRESENTATION OR WARRANTY BY INVESTOR OF THE ACCURACY, SAFETY OR USEFULNESS FOR ANY PURPOSE OF ANY IMPROVEMENTS AT ANY TIME MADE AVAILABLE BY INVESTOR. INVESTOR WILL HAVE NO LIABILITY WHATSOEVER TO COMPANY OR ANY OTHER PERSON FOR OR ON ACCOUNT OF ANY INJURY, LOSS OR DAMAGE OF ANY KIND OR NATURE, SUSTAINED BY, OR ANY DAMAGES ASSESSED OR ASSERTED AGAINST, OR ANY OTHER LIABILITY INCURRED BY OR IMPOSED ON COMPANY OR ANY OTHER PERSON, ARISING OUT OF OR IN CONNECTION WITH OR RESULTING FROM: (A) THE PRODUCTION, USE OR SALE OF ANY APPARATUS OR PRODUCT OR METHOD, OR THE PRACTICE OF THE PATENTS BY INVESTOR OR ITS ASSIGNS; (B) THE USE BY INVESTOR OR ITS ASSIGNS OF ANY TECHNICAL INFORMATION, TECHNIQUES, OR PRACTICES DISCLOSED BY COMPANY; OR (C) ANY ADVERTISING OR OTHER PROMOTIONAL ACTIVITIES BY INVESTOR OR ITS ASSIGNS WITH RESPECT TO ANY OF THE FOREGOING, AND COMPANY WILL HOLD INVESTOR, AND ITS OFFICERS, EMPLOYEES AND AGENTS, HARMLESS IN THE EVENT INVESTOR, OR ITS OFFICERS, EMPLOYEES OR AGENTS, IS HELD LIABLE."
ReynoldsConsumerProductsInc_20191115_S-1_EX-10.18_11896469_EX-10.18_Supply Agreement.pdf,"**Section 1:**
This Master Supply Agreement dated November 1, 2019, between Reynolds Consumer Products LLC and Pactiv LLC establishes the terms and conditions for the sale of specific products by Seller to Buyer for later resale by Buyer to its business customers. The Agreement will commence on the Effective Date and will end on the earlier of the first anniversary of the expiration date of the last Purchase Schedule or a termination date elected by a Party. The Parties will comply with the applicable standard operating procedures in connection with the purchase and sale of products identified in a Purchase Schedule. Seller represents and warrants to Buyer that each product sold under this Agreement will be in new, undamaged and unadulterated condition free of any defects in design, materials and manufacture, and will comply with Applicable Laws.

**Section 2:**
Each Party will maintain minimum types and amounts of insurance coverage during the Term of this Agreement, including Commercial General Liability Insurance with a combined single limit of at least $10,000,000 per occurrence and in the aggregate, Automobile Liability Insurance, Workers' Compensation Liability Insurance, Employers' Liability Insurance, and Property Insurance. A Party may satisfy the required minimum amounts of insurance through a primary policy and one or more excess policies, and must deliver written evidence of the required insurance coverage to the other Party within ten days of written request.

**Section 3:**
This Agreement governs the sale of products by Seller to Buyer and the purchase of products by Buyer from Seller, with the Parties waiving any defense of inconvenient forum and consenting to the exclusive personal jurisdiction and venue of the U.S. federal and Illinois state courts in Lake County, Illinois or Cook County, Illinois. The Agreement does not grant a Receiving Party any right, title, interest or ownership in the Confidential Information of the Disclosing Party nor in any patent, trademark, copyright or other intellectual property of the Disclosing Party. A Party may not amend the terms and conditions in this Agreement without written consent from the other Party, and the failure to insist on strict performance of any provision will not operate as a continuing waiver of such rights.

**Section 4:**
This Master Supply Agreement outlines the terms for a minimum level of product sharing between the Seller, REYNOLDS CONSUMER PRODUCTS LLC, and the Buyer, PACTIV LLC, during the specified Term, with the Parties agreeing to a fair and reasonable construction of any ambiguities in the Agreement. The Agreement is the product of negotiation between sophisticated parties and does not constitute a contract of adhesion. The Parties may execute the Agreement in counterparts, with acceptance made by e-mail, mail, or other commercially reasonable means.","a Party may suspend performance under or terminate this Agreement or any accepted purchase order for a product being purchased and sold under this Agreement unless: (1) the other Party is in material breach of this Agreement and has either refused to cure the material breach or has failed to cure the material breach within thirty (30) day of its receipt of written notice of the failure; and (2) the Parties have been unable to resolve the Dispute related to the material breach through negotiation or mediation, or the breaching Party has refused or failed to attempt to resolve the Dispute through negotiation or mediation, as provided in this Section. Notwithstanding the foregoing, a Party may suspend performance or terminate this Agreement or any accepted purchase order for a product being purchase and sold under this Agreement immediately on written notice to the other Party, and without providing the other Party an opportunity to cure the material breach or attempting to resolve a Dispute over the material breach by negotiation or mediation as provided in this Section, for a material breach by the other Party involving substantial harm to the reputation, goodwill and business of the non-breaching Party that cannot reasonably be avoided or fully redressed by providing the other Party an opportunity to cure the material breach.","A Receiving Party may disclose Confidential Information of a Disclosing Party to a court, governmental entity or any other person in order for the Receiving Party and its Affiliates to comply with Applicable Laws, accounting standards and securities exchange requirements. If legally permissible and reasonably possible, a Receiving Party will notify the Disclosing Party prior to disclosing its Confidential Information pursuant to this Section and cooperate in good faith with any lawful efforts by the Disclosing Party to avoid or limit the disclosure of its Confidential Information. A Receiving Party will not be obligated to incur any liability, expense or risk in extending such cooperation to a Disclosing Party. Based on legal advice of its attorney, a Receiving Party may disclose the Confidential Information of the Disclosing Party by any deadline established under an Applicable Law, accounting standard and securities exchange requirement. (3) A Receiving Party may disclose and use the Confidential Information of a Disclosing Party to enforce or interpret this Agreement or any other agreement with the Disclosing Party in any arbitration, court or other legal proceeding. A Receiving Party may disclose and use this Confidential Information of a Disclosing Party to defend the Receiving Party or its Affiliates or their respective Representatives in any arbitration, court or other legal proceeding. In either circumstance, the Receiving Party will ensure that a protective order, agreement or other mechanism is in place to preserve the confidentiality of the Confidential Information. (4) A Receiving Party and its Representatives may disclose and use the Confidential Information for any other purpose consented to by a Disclosing Party in a written notice signed by an officer of the Disclosing Party delivered to the Receiving Party. g. In disclosing its Confidential Information to a Receiving Party, a Disclosing Party represents, warrants and covenants to the Receiving Party that: (1) The Disclosing Party owns and has the right to disclose and authorize the use of Confidential Information as provided in this Agreement. Source: REYNOLDS CONSUMER PRODUCTS INC., S-1, 11/15/2019 (2) The Receiving Party and its Representatives may use the Confidential Information of the Disclosing Party for the Authorized Purpose and other limited purposes provided in this Agreement. (3) The Disclosing Party will indemnify, defend and hold harmless the Receiving Party and its Representatives against any claim of a third-party that the disclosure and use of the Confidential Information of the Disclosing Party as provided in this Agreement infringes on a patent, trademark, copyright, trade secret or other intellectual property of the third-party registered in or otherwise recognized and enforceable under Applicable Laws. Except for the limited representations and warranties in this Section, a Disclosing Party disclaims all other representations and warranties of any kind related to its Confidential Information, whether express, implied or arising by operation of law, including the disclaimer, without limitation, of any representation and warranties concerning merchantability, fitness for a particular purpose, truth, accuracy or completeness. h. The rights and obligations of the Parties under this Section with regards to disclosed Confidential Information will continue: (1) Until the earlier of (i) sixty (60) months from the date of disclosure to a Receiving Party or (ii) the date such information ceases to be considered Confidential Information under this Agreement, for Confidential Information that is not a trade secret of a Disclosing Party under Applicable Law; and (2) Until Confidential Information that is a trade secret of a Disclosing Party under Applicable Law ceases to be a trade secret of the Disclosing Party under Applicable Law. i. A Receiving Party will return or destroy all forms of Confidential Information of the Disclosing Party in the custody of the Receiving Party and its Representatives within ten (10) days of receipt of a written request from the Disclosing Party and after the expiration or earlier termination of this Agreement. This will include, without limitation, all copies, records, documents and other information representing, comprising, containing, referencing or created based on Confidential Information of the Disclosing Party. Notwithstanding the foregoing, a Receiving Party and its Representatives may retain copies of Confidential Information of the Disclosing Party which (x) the Receiving Party and its Representatives are required to retain to comply with Applicable Laws, accounting standards and security exchange requirements (but only for the duration and in the manner so required for this limited purpose); or (y) have been archived in electronic form by the Receiving Party and its Representatives and which would be unduly burdensome for the Receiving Party and its Representatives to have to search for and delete the Confidential Information of the Disclosing Party. j. Except for the limited right to disclose and use Confidential Information of a Disclosing Party for the Authorized Purpose and other purposes provided in the this Section and except for any license of intellectual property granted by a Disclosing Party to the Receiving Party in a Purchase Schedule, this Agreement does not grant a Receiving Party or its Representatives any right, title, interest or ownership in the Confidential Information of the Disclosing Party nor in any patent, trademark, copyright or other","9. Limitations on Liability. a. Disclaimer of Representations and Warranties. Each Party: (1) disclaims all representations and warranties regarding its products, performance, supplied information or business, whether oral or written, express or implied, arising by operation of law or otherwise, including, without limitation, the implied warranty of merchantability and the implied warranty of fitness for a particular purpose, other than those express representations and warranties of the Party in this Agreement; (2) acknowledges that the Party has not relied on, and will not rely on, any representations and warranties of the other Party regarding its products, performance, supplied information or business, whether oral or written, express or implied, arising by operation of law or otherwise, other than those express representations and warranties of the other Party in this Agreement; and (3) waives any claim that the Party may have based, in whole or in part, on any representations and warranties of the other Party regarding its products, performance, supplied information or business, whether oral or written, express or implied, arising by operation of law or otherwise, other than those express representations and warranties of the other Party in this Agreement. Notwithstanding the foregoing, Buyer is entitled to rely on (i) the descriptive information in transaction documents issued by either Party in the ordinary course of business during the Term identifying the ordered Products (e.g., the type and quantity of ordered products and scheduled date and location for delivery) and (ii) FDA guaranty letters and other similar written assurances in Seller’s standard forms certifying that a product complies with Applicable Laws issued by Seller to Buyers and other U.S. customers in the ordinance course of business during the Term. b. Exclusion of Indirect Damages; Waiver of Claim for Insured Damage or Loss. A Party that breaches this Agreement will only be liable to the other Party for direct damages arising from the breach. Each Party waives any right to recover consequential, incidental, indirect, exemplary, punitive or any other types of indirect damages from the other Party for a breach of this Agreement. Notwithstanding the preceding sentences, this Subsection will not limit the liability of a Party for any amount or type of damages for: (1) the defense and indemnification of an Indemnified Claim on which the Party is the Indemnifying Party; (2) infringement by the Party on the intellectual property of the other Party; (3) the unauthorized disclosure or use by the Party of the Confidential Information of the other Party; (4) payment or reimbursement of any amount expressly required to be paid or reimbursed by the Party under a provision of this Agreement; or (5) the intentional misconduct of the Party in violation of Applicable Laws. c. Force Majeure. A Party will not be considered in breach of this Agreement or liable to the other Party for any interruption or delay in performance under this Agreement to the extent caused by an event outside of the ability of the performing Party to foresee and avoid with the exercise of commercially reasonable efforts (such an event is referred to at times as an event of “Force Majeure”). Examples of events of Force Majeure include, without limitation: natural disasters; war; acts of terrorism; government action; accident; strikes, slowdowns and other labor disputes; shortages in or inability to obtain material, equipment, transportation or labor; any breach, negligence, criminal misconduct or other act or omission of any third-party; fire or other insured or uninsured casualty. A Party whose performance is interrupted or delayed by an event of Force Majeure will be excused from the interruption or delay in performance during the event of Force Majeure and for a commercially reasonable period of additional time after the event of Force Majeure that the Party needs to recover from the event of Force Majeure and restore performance. Notwithstanding the foregoing, a Party will only be excused for an interruption or delay in performance under this Subsection for an event of Force Majeure only if the Party (1) promptly notifies the other Party of the event of Force Majeure and provides information reasonably requested by the other Party regarding the event of Force Majeure, the efforts undertaken by the Party to foresee and avoid interruption or delay in its performance before the occurrence of the event, to mitigate interruption or delay in performance during the event, and to recover from and restore performance following the event; and (2) the Party exercises commercially reasonable efforts to mitigate, recover from and restore performance following the event of Force Majeure. During, and while recovering from and restoring performance following, an event of Force Majeure, Seller will act in good faith in allocating its available manufacturing capacity to supply products to Buyer under this Agreement and any products to other customers of Seller. If an event of Force Majeure interrupts or delays Seller from supplying a product to Buyer under this Agreement in the quantities and timetable required by Buyer, Buyer may cancel any unfilled orders for the product with Seller and procure the required quantities of the product from one or more"
RitterPharmaceuticalsInc_20200313_S-4A_EX-10.54_12055220_EX-10.54_Development Agreement.pdf,"**Section 1:**
Qualigen appoints Sekisui as its exclusive distributor for certain clinical rapid diagnostic test devices and controls in the Territory, which includes the United States, Canada, the European Union, Japan, and other geographies. Sekisui will purchase the Products exclusively from Qualigen, and Qualigen will supply the Products exclusively to Sekisui, with the initial term of the Agreement commencing on May 1, 2016, and continuing for five years. The price that Sekisui shall pay for the Products will be established separately for Reagent Kits and other products, with Sekisui receiving 90% of the total Available Margin for all Products during the first 12 months of the Agreement.

**Section 2:**
The contract outlines a revenue-sharing agreement between Sekisui and Qualigen, where Sekisui will receive 90%, 70%, and 65% of the total Available Margin for the first 12, 13-24, and 24+ months of the agreement, respectively. Sekisui will pay fixed prices for the products, subject to a true-up payment, and Qualigen will be responsible for manufacturing and delivering the products, with Sekisui responsible for sales and marketing efforts.

**Section 3:**
Qualigen and Sekisui agree to maintain REACH and RoHS records and compliance documentation, and promptly notify each other of developments impacting Sekisui's ability to use or place Products on the market in the European Union. The parties establish a Management Committee to oversee the implementation and revision of the Business Plan and Development Plan, with representatives from both parties responsible for meetings, resolving disputes, and coordinating information exchange. Qualigen shall own all right, title, and interest in Intellectual Property Rights resulting from the Development Plan, excluding Sekisui Background IP.

**Section 4:**
Qualigen shall provide a standard commercial written warranty to Sekisui's customers for Products, covering defects in materials or workmanship, contingent upon proper use and excluding altered or modified Products. Sekisui represents and warrants that it has the right to enter into the Agreement, has not been notified of any patent infringement actions, and shall use commercially reasonable efforts to obtain required licenses and permits. Qualigen shall indemnify Sekisui against claims arising from Sekisui's negligence or breach of the Agreement, and Sekisui shall indemnify Qualigen against claims related to bodily injury or property damage caused by Products.

**Section 5:**
Qualigen shall retain records of all Product related complaints for a period of not less than five years, and shall use commercially reasonable efforts to close complaints within 90 days. In the event of a Product recall, Qualigen and/or Sekisui shall conduct the activity and take corrective actions, with Qualigen responsible for the content of any communication to customers. Qualigen shall also be responsible for the expenses of the action, unless the recall results from Sekisui's gross negligence or willful misconduct.

**Section 6:**
This Agreement constitutes the entire understanding between Sekisui and Qualigen with respect to the subject matter hereof, superseding any previous agreements or understandings, and sets forth the entire agreement between the parties with respect to the subject matter hereof, except for any and all previous nondisclosure/nonuse obligations which remain in full force and effect. The Agreement may be executed in one or more counterparts, each of which shall be deemed an original, and may be delivered by email attachment or other electronic transmission.

**Section 7:**
Qualigen and Sekisui have a development plan with milestones and payment terms, where payments are made based on progress against the plan, with estimated target review months in April 2017, August 2017, and January 2018, and payments due on May 1 and June 1, 2017, September 1, 2017, and February 1, 2018. The companies also have a transfer price and true-up process, where transfer prices are set based on Qualigen's actual COGS and available margin, and true-ups are determined every six months to ensure each party receives their contractual margin share of the actual available margin.

**Section 8:**
Qualigen enters into various distribution agreements with companies including McKesson, Woongbee MeDiTech Inc, Nanova Co., Ltd, and Axon Lab A.G, with some agreements dating back to 2002 and 2005, and others being amended in 2010, 2013, 2014, and 2015. The agreements are to be assigned upon Sekisui's request to Alpha Diagnostics Sp. Z o.o, Cariad Technologies Ltd, and CliniLine, S.A.","9.1. Exclusivity Period. The parties anticipate that they will entertain a potential acquisition of Qualigen by Sekisui during 2018 on terms to be mutually agreed. Accordingly, Qualigen hereby agrees that during the Exclusivity Period, Qualigen shall not, directly or indirectly, through its affiliates, agents, stockholders, officers, directors or otherwise solicit, initiate, participate in discussions or negotiations or otherwise cooperate in any way with, or provide any information to any person, entity or group other than Sekisui concerning a Sale Transaction. In the event that Qualigen nonetheless receives an unsolicited offer to engage in a Sale Transaction during such Exclusivity Period, Qualigen may engage with such party to the extent legally required to comply with its fiduciary duties, so long as Qualigen (i) promptly communicates to Sekisui the material terms of any proposal or offer or request for information which it may receive in respect of any such proposed Sale Transaction, including the purchase price, form and timing of consideration and the identity of the acquirer, and (ii) complies with Sekisui’s Right of First Refusal (as defined below).

9.2. Negotiation Period. No later than July 1, 2018 (and sooner upon Sekisui’s written request at any time before July 1, 2018), the parties shall engage in good faith negotiations for a period of up to 6 months (the “Negotiation Period”) with respect to a potential acquisition by Sekisui of Qualigen. During the Negotiation Period, Qualigen shall provide to Sekisui all due diligence information reasonably requested by Sekisui so that it may make an informed offer to acquire Qualigen. Any Financing Payments made by Sekisui will be credited against any such Sale Transaction agreed to between Sekisui and Qualigen. If the parties do not mutually agree to the terms of such potential acquisition within the Negotiation Period then the Exclusivity Period shall end and, subject to Sekisui’s Right of First Refusal, Qualigen shall be free to negotiate the terms of a Sale Transaction with any Third Party.

9.3. Right of First Refusal. During the Term, Sekisui shall have a right of first refusal to match the terms of any arms length, bona fide proposed Sale Transaction with a Third Party (“Sekisui’s Right of First Refusal”). Qualigen shall provide Sekisui with at least 30 days prior written notice and access to all due diligence materials provided to any potential acquirer, such 30 day period to commence upon the notification to Sekisui that Qualigen’s board of directors has approved such Proposed Sale Transaction (as set forth in a term sheet or draft definitive agreement provided to Sekisui), subject to Sekisui’s Right of First Refusal. At any time during such 30 day period, Sekisui may elect to match the terms of such proposal. Sekisui will be credited in any such proposal by the cumulative amount of all Financing Payments made to date. For example, if a Third Party offers to acquire Qualigen for $50,000,000 and Sekisui has funded the full $6,200,000 of Financing Payments, Sekisui’s Right of First Refusal to match the proposed transaction would be a price of $43,800,000. In the event that Sekisui elects not to move forward with such proposal for a Sale Transaction, Qualigen shall have a period of 120 days to consummate a Sale Transaction on the same terms as provided to Sekisui. If a Sale Transaction has not been consummated within such 120 days period, any Sale Transaction must once again comply with the provisions of this Section 9.3.

9.4. Penalty for Breach. In the event of any breach of Sections 9.1 through 9.3, including without limitation, any actions by stockholders of Qualigen that result in a Sale Transaction without complying with Sections 9.1 through 9.3 above, or otherwise hinder the intent and purpose of the provisions of Sections 9.1 through 9.3 above, in addition to any other remedies available to Sekisui under the terms of this Agreement, including the right to specific performance and other equitable remedies, Sekisui shall be entitled to liquidated damages in the amount of three times any and all Financing Payments made to date. For the avoidance of doubt, this clause does not apply to a failure of the stockholders of Qualigen to approve a Sale Transaction proposed by Sekisui, so long as such stockholders did not approve a Sale Transaction on the same terms with a Third Party during the Term.

9.5. Molecular Clinical Diagnostics. In furtherance of the foregoing, during the Exclusivity Period, Qualigen shall, in consultation with Sekisui, take commercially reasonable steps to seek to regain any rights in any Qualigen molecular clinical diagnostic product technology that Qualigen has previously","13.1. Confidentiality Obligation. It is contemplated that in the course of the performance of this Agreement each Party may, from time to time, disclose proprietary and confidential information to the other (“Confidential Information”). Except to the extent expressly authorized by this Agreement or otherwise agreed to in writing, during the Term and for a period of five (5) years following the expiration or termination of this Agreement, the receiving Party shall disclose the other Party’s Confidential Information only to its own (or its Affiliates’) officers, employees, consultants, Third Party service providers, attorneys, accountants, agents, bankers, lenders, prospective lenders and prospective equity investors, and in each case only if and to the extent necessary to carry out their respective responsibilities under this Agreement or in accordance with the exercise of their rights under this Agreement or in accordance with customary permitted practice (such as to seek or maintain financing or credit), and such disclosure shall be limited to the maximum extent possible consistent with such responsibilities and rights. Except as set forth in the foregoing sentence, neither Party shall disclose Confidential Information of the other to any Third Party without the other’s prior written consent. In all events, however, any and all disclosure to a Third Party (or to any such Affiliate) shall be pursuant to the terms of a non-disclosure/nonuse agreement no less restrictive than this Section 13 (or, in the case of attorneys, to a duty and obligation of nondisclosure/nonuse pursuant to the applicable rules of the profession). The Party which disclosed Confidential Information of the other to any Third Party (or to any such Affiliate) shall be responsible and liable for any disclosure or use by such Third Party or Affiliate (or its disclosees) which would have violated this Agreement if committed by the Party itself. Neither Party shall use Confidential Information of the other except as expressly allowed by and for the purposes of this Agreement or in accordance with the exercise of their rights under this Agreement or in accordance with customary permitted practice (such as to seek or maintain financing or credit) or and, after the Term, by Qualigen only to the extent required to continue to offer and provide goods and services to former Sekisui customers of Products. Each Party shall take such action to preserve the confidentiality of each other’s Confidential Information as it would customarily take to preserve the confidentiality of its own Confidential Information (but in no event less than a reasonable standard of care). Upon expiration or termination of this Agreement, each Party, upon the other’s request, promptly shall return or destroy all the Confidential Information disclosed to the other Party pursuant to this Agreement, including all copies, reflections, analyses and extracts of documents, except for one archival copy (and such electronic copies that exist as part of the Party’s computer systems, network storage systems and electronic backup systems) of such materials solely to be able to monitor its obligations that survive under this Agreement. The non-use and non-disclosure obligations set forth in this Section 13 shall not apply to any Confidential Information, or portion thereof, that the receiving Party can demonstrate: (a) is at the time of disclosure in the public domain; (b) after disclosure, becomes part of the public domain, by publication or otherwise, through no fault of and or without violation of any duty of confidentiality of the receiving Party or its disclosees; (c) at the time of disclosure is already in the receiving Party’s possession with no duty of confidentiality, and such prior possession can be demonstrated by the receiving Party by written proof (provided that this subsection shall not apply to Confidential Information exchanged between the Parties before the execution of this Agreement that was subject to a confidentiality obligation at the time of such disclosure); (d) is rightfully received by the receiving Party on a non-confidential basis from an independent Third Party without obligation of confidentiality; provided, however, that to the receiving Party’s best knowledge, such information was not obtained by said Third Party, directly or indirectly, from the disclosing Party; or (e) is independently developed by or expressly for the receiving Party, in either case solely by personnel without any access to or use of the disclosing Party’s Confidential Information, as shown by receiving Party’s contemporaneous written records. In the event either Party must disclose the other Party’s Confidential Information in order to comply with applicable governmental regulations or as otherwise required by law or judicial process, such Party shall give reasonable advance notice to the other Party of such proposed disclosure in order that the non-disclosing Party may intercede and oppose such process, and shall use its best efforts to secure a protective order or confidential-treatment order preventing or limiting (to the greatest possible extent and for the longest possible period) the disclosure and/or requiring that the Confidential Information so disclosed be used only for the purposes for which the law or regulation required, or for which the order was issued. The Parties acknowledge that the defined term “Confidential Information” shall include not only a disclosing Party’s own Confidential Information but also Confidential Information of an Affiliate or of a Third Party which is in the possession of a disclosing Party. However, both Parties agree not","Neither Party shall disclose Confidential Information of the other to any Third Party without the other’s prior written consent. In all events, however, any and all disclosure to a Third Party (or to any such Affiliate) shall be pursuant to the terms of a non-disclosure/nonuse agreement no less restrictive than this Section 13 (or, in the case of attorneys, to a duty and obligation of nondisclosure/nonuse pursuant to the applicable rules of the profession). The Party which disclosed Confidential Information of the other to any Third Party (or to any such Affiliate) shall be responsible and liable for any disclosure or use by such Third Party or Affiliate (or its disclosees) which would have violated this Agreement if committed by the Party itself."
ScansourceInc_20190822_10-K_EX-10.38_11793958_EX-10.38_Distributor Agreement2.pdf,"**Section 1:**
Cisco grants a nonexclusive and nontransferable license to use the Software for Customer's internal business purposes, limited to a single hardware chassis or a specified number of concurrent users, sessions, or IP addresses, as set forth in the applicable Purchase Order. Customer must pay the required license fees and comply with confidentiality and security obligations. The license is subject to termination if Customer fails to comply with the Agreement, and Customer's rights will terminate upon destruction of all Software copies.","This Agreement and the license granted herein shall remain effective until terminated. Customer may terminate this Agreement and the license at any time by destroying all copies of Software including any Documentation. Customer's rights under this Agreement will terminate immediately without notice from Cisco if Customer fails to comply with any provision of this Agreement. Upon termination, Customer shall destroy all copies of Software and Documentation in its possession or control.","Customer shall observe strict obligations of confidentiality with respect to such information. Customer agrees that aspects of the Software and associated Documentation, including the specific design and structure of individual programs, are trade secrets and/or copyrighted materials of Cisco, its suppliers or licensors. Customer shall not disclose, provide, or otherwise make available such trade secrets or copyrighted material in any form to any third party without the prior written consent of Cisco. Customer shall implement reasonable security measures to protect such trade secrets and copyrighted materials.","IN NO EVENT WILL CISCO OR ITS SUPPLIERS BE LIABLE FOR ANY LOST REVENUE, PROFIT, OR LOST OR DAMAGED DATA, OR FOR SPECIAL, INDIRECT, CONSEQUENTIAL, INCIDENTAL, OR PUNITIVE DAMAGES HOWEVER CAUSED AND REGARDLESS OF THE THEORY OF LIABILITY OR WHETHER ARISING OUT OF THE USE OF OR INABILITY TO USE SOFTWARE OR OTHERWISE AND EVEN IF CISCO OR ITS SUPPLIERS OR LICENSORS HAVE BEEN ADVISED OF THE POSSIBILITY OF SUCH DAMAGES. In no event shall Cisco's or its suppliers' or licensors' liability to Customer, whether in contract, tort (including negligence), or otherwise, exceed the price paid by Customer for the Software that gave rise to the claim or if the Software is part of another Product, the price paid for such other Product. The foregoing limitations shall apply even if the above​ stated warranty fails of its essential purpose. BECAUSE SOME STATES OR JURISDICTIONS DO NOT ALLOW LIMITATION OR EXCLUSION OF CONSEQUENTIAL OR INCIDENTAL DAMAGES, THE ABOVE LIMITATION MAY NOT APPLY TO YOU."
SigaTechnologiesInc_20190603_8-K_EX-10.1_11695818_EX-10.1_Promotion Agreement.pdf,"**Section 1:**
SIGA TECHNOLOGIES, INC. and MERIDIAN MEDICAL TECHNOLOGIES, INC. entered into a PROMOTION AGREEMENT on May 31, 2019, where SIGA granted MMT exclusive licenses to market, promote, advertise, offer for sale and sell the Product in the Field in the Territory, with MMT possessing resources and expertise in marketing pharmaceutical and antiviral products. The agreement outlines key obligations, including promotion, forecasting, and ordering, as well as payment terms, with MMT responsible for commercializing the Product in the Territory.

**Section 2:**
SIGA grants MMT an exclusive right and license to Promote the Product in the Field in the Territory, with the right to grant sublicenses, under the SIGA Intellectual Property, and MMT may request to expand the Field in a particular country in the Territory for a Potential New Field, subject to SIGA's approval.

**Section 3:**
MMT shall use Commercially Reasonable Efforts to Promote the Product in the Field within the Territory in accordance with the then-current Business Plan, and shall retain a fee of [***] of the Yearly Collected Revenue of the Product in the Territory in each Calendar Year during the Term if the aggregate Net Product Sales Amounts for such Calendar Year are equal to or below [***], and [***] if the aggregate Net Product Sales Amounts for such Calendar Year exceed [***].

**Section 4:**
The contract outlines key obligations and financial terms between MMT and SIGA, including a dispute resolution process, audit procedures, and payment terms. If an audit concludes that additional amounts are owed by MMT, MMT will pay the amounts, and if excess payments were made, SIGA will reimburse them. SIGA will bear the full cost of the audit unless the variance is to its detriment, in which case MMT will bear the cost. The contract also addresses tax withholding, value-added tax, and intellectual property ownership and maintenance.

**Section 5:**
The contract primarily outlines obligations and representations between SIGA Technologies Inc. and MMT, focusing on intellectual property rights, product commercialization, and regulatory compliance. Key terms include SIGA's diligence in prosecuting and maintaining patents and trademarks, MMT's responsibility to comply with regulatory requirements, and mutual indemnification obligations in case of third-party claims.

**Section 6:**
MMT will indemnify SIGA against Claims arising from MMT's breach of obligations, willful misconduct, or gross negligence, with SIGA solely responsible for Claims related to matters described in Section 9.1(c) and (e). MMT will also procure and maintain commercial general liability and product liability insurance naming SIGA as an additional insured.

**Section 7:**
This Agreement sets forth the complete and exclusive agreement between SIGA Technologies Inc. and Meridian Medical Technologies Inc. regarding the subject matter, superseding all prior agreements, and will survive any termination or expiration, with certain provisions, including payment obligations, indemnification, confidentiality, and dispute resolution, continuing in effect.

**Section 8:**
The Parties will bear their own direct and indirect expenses incurred in connection with the negotiation and preparation of this Agreement and, except as set forth in this Agreement, the performance of the obligations contemplated hereby and thereby.

**Section 9:**
The contract outlines the responsibilities of the Promoter in reporting safety issues related to the Product, including adverse events, at-risk scenarios, unexpected therapeutic effects, and product quality complaints. The Promoter must ensure timely reporting to SIGA, maintain records of safety reports, and comply with data privacy laws. SIGA reserves the right to audit the Promoter's facility to review compliance with safety reporting requirements.","This Agreement may be terminated by either Party as follows: (i) by either Party giving written notice to the other Party of its intention to terminate this Agreement, which notice may be given at any time after the Effective Date and will be effective upon the expiration of the Term; (ii) by either Party giving written notice to the other Party of its intention to terminate this Agreement due to the other Party's material breach of any representation, warranty, covenant or other agreement contained in this Agreement, which notice may be given at any time after the Effective Date and will be effective upon the expiration of the Term; (iii) by either Party giving written notice to the other Party of its intention to terminate this Agreement due to the other Party's insolvency or bankruptcy, which notice may be given at any time after the Effective Date and will be effective upon the expiration of the Term; (iv) by either Party giving written notice to the other Party of its intention to terminate this Agreement due to the other Party's failure to comply with any Regulatory Approval requirements of Regulatory Authorities in the Territory with respect to the Product, which notice may be given at any time after the Effective Date and will be effective upon the expiration of the Term; (v) by either Party giving written notice to the other Party of its intention to terminate this Agreement due to the other Party's breach of any obligation that the other Party has delegated or otherwise appointed the terminating Party to perform under a Customer Contract and the other Party has agreed to such delegation or appointment in writing, including a failure to supply the Product to Customers pursuant to the terms of this Agreement and/or any Customer Contract; or (vi) by either Party giving written notice to the other Party of its intention to terminate this Agreement due to the willful misconduct or gross negligence of the other Party, its Affiliates, or the officers, directors, employees, agents or representatives of the other Party or its Affiliates in connection with performance by or on behalf of the other Party of the other Party's obligations or exercise of the other Party's rights under this Agreement. Upon termination of this Agreement, all rights and obligations of the Parties hereunder shall cease and terminate, except as otherwise provided in this Agreement. The termination of this Agreement will not affect any accrued rights or obligations of the Parties hereunder, and the Parties will continue to be bound by the provisions of this Agreement with respect to any such accrued rights or obligations. The termination of this Agreement will not relieve either Party of its obligations under this Agreement with respect to any Customer Contract, and the Parties will continue to be bound by the provisions of this Agreement with respect to any such Customer Contract. The termination of this Agreement will not affect the rights and obligations of the Parties hereunder with respect to any Product that has been manufactured or sold prior to the termination of this Agreement. The termination of this Agreement will not affect the rights and obligations of the Parties hereunder with respect to any Product that has been manufactured or sold prior to the termination of this Agreement. The termination of this Agreement will not affect the rights and obligations of the Parties hereunder with respect to any Product that has been manufactured or sold prior to the termination of this Agreement. The termination of this Agreement will not affect the rights and obligations of the Parties hereunder with respect to any Product that has been manufactured or sold prior to the termination of this Agreement. The termination of this Agreement will not affect the rights and obligations of the Parties hereunder with respect to any Product that has been manufactured or sold prior to the termination of this Agreement. The termination of this Agreement will not affect the rights and obligations of the Parties hereunder with respect to any Product that has been manufactured or sold prior to the termination of this Agreement. The termination of this Agreement will not affect the rights and obligations of the Parties hereunder with respect to any Product that has been manufactured or sold prior to the termination of this Agreement. The termination of this Agreement will not affect the rights and obligations of the Parties hereunder with respect to any Product that has been manufactured or sold prior to the termination of this Agreement. The termination of this Agreement will not affect the rights and obligations of the Parties hereunder with respect to any Product that has been manufactured or sold prior to the termination of this Agreement. The termination of this Agreement will not affect the rights and obligations of the Parties hereunder with respect to any Product that has been manufactured or sold prior to the termination of this Agreement. The termination of this Agreement will not affect the rights and obligations of the Parties hereunder with respect to any Product that has been manufactured or sold prior to the termination of this Agreement. The termination of this Agreement will not affect the rights and obligations of the Parties hereunder with respect to any Product that has been manufactured or sold prior to the termination of this Agreement. The termination of this Agreement will not affect the rights and obligations of the Parties hereunder with respect to any Product that has been manufactured or sold prior to the termination of this Agreement. The termination of this Agreement will not affect the rights and obligations of the Parties hereunder with respect to","ARTICLE 10 CONFIDENTIALITY 10.1 Definition of Confidential Information. For the purposes of this Agreement, “Confidential Information” means all information, whether written or oral, that is disclosed by one Party to the other Party or to any Affiliate of the disclosing Party, or to any employee, agent, consultant or representative of the disclosing Party, in connection with this Agreement, including, without limitation, the terms and conditions of this Agreement, the business and financial information of the disclosing Party, the disclosing Party’s trade secrets, know-how, inventions, designs, processes, techniques, methods, systems, software, source code, object code, documentation, data, research, development, products, services, marketing, sales, pricing, customer lists, customer information, supplier information, business strategies, business plans, business operations, business methods, business processes, business techniques, business systems, business software, business source code, business object code, business documentation, business data, business research, business development, business products, business services, business marketing, business sales, business pricing, business customer lists, business customer information, business supplier information, and any other information that is reasonably identifiable as confidential. 10.2 Obligations of Confidentiality. Each Party agrees to hold the Confidential Information of the other Party in confidence and not to disclose such Confidential Information to any third party without the prior written consent of the disclosing Party, except as may be required by Law or by a court of competent jurisdiction, or as may be necessary to establish the rights of the Parties under this Agreement. Each Party agrees to use the Confidential Information of the other Party only for the purposes of this Agreement and not to use such Confidential Information for any other purpose. Each Party agrees to take all necessary precautions to prevent the unauthorized disclosure or use of the Confidential Information of the other Party, including, without limitation, marking all Confidential Information as “confidential” or “proprietary” and restricting access to such Confidential Information to those employees, agents, consultants or representatives of the receiving Party who need to know such Confidential Information in order to perform their duties under this Agreement. 10.3 Return of Confidential Information. Upon the termination of this Agreement, each Party agrees to return to the other Party all Confidential Information of the other Party in its possession or control, including all copies, extracts, summaries, analyses, compilations, and other materials, and to destroy all such Confidential Information. 10.4 Protection of Confidential Information. Each Party agrees to protect the Confidential Information of the other Party with the same degree of care that it uses to protect its own Confidential Information, but in no event with less than reasonable care. Each Party agrees to take all necessary precautions to prevent the unauthorized disclosure or use of the Confidential Information of the other Party, including, without limitation, marking all Confidential Information as “confidential” or “proprietary” and restricting access to such Confidential Information to those employees, agents, consultants or representatives of the receiving Party who need to know such Confidential Information in order to perform their duties under this Agreement. 10.5 Non-Disclosure Obligations. Each Party agrees to maintain the confidentiality of the Confidential Information of the other Party and not to disclose such Confidential Information to any third party without the prior written consent of the disclosing Party, except as may be required by Law or by a court of competent jurisdiction, or as may be necessary to establish the rights of the Parties under this Agreement. Each Party agrees to use the Confidential Information of the other Party only for the purposes of this Agreement and not to use such Confidential Information for any other purpose. Each Party agrees to take all necessary precautions to prevent the unauthorized disclosure or use of the Confidential Information of the other Party, including, without limitation, marking all Confidential Information as “confidential” or “proprietary” and restricting access to such Confidential Information to those employees, agents, consultants or representatives of the receiving Party who need to know such Confidential Information in order to perform their duties under this Agreement. 10.6 Trade Secrets. Each Party agrees to protect the trade secrets of the other Party with the same degree of care that it uses to protect its own trade secrets, but in no event with less than reasonable care. Each Party agrees to take all necessary precautions to prevent the unauthorized disclosure or use of the trade secrets of the other Party, including, without limitation, marking all trade secrets as “confidential” or “proprietary” and restricting access to such trade secrets to those employees, agents, consultants or representatives of the receiving Party who need to know such trade secrets in order to perform their duties under this Agreement. 10.7 Restrictions on Use or Disclosure. Each Party agrees to restrict the use or disclosure of the Confidential Information of the other Party to the purposes of this Agreement and not to use such Confidential Information for any other purpose. Each Party agrees to take all necessary precautions to prevent the unauthorized disclosure or use of the Confidential Information of the other Party, including, without limitation, marking all Confidential Information as “confidential” or “proprietary”","EXCEPT (I) IN THE EVENT OF THE FRAUD OF A PARTY OR OF A PARTY’S BREACH OF ITS OBLIGATIONS UNDER ARTICLE 7 (INTELLECTUAL PROPERTY) OR ARTICLE 10 (CONFIDENTIALITY), OR (II) TO THE EXTENT ANY SUCH DAMAGES ARE REQUIRED TO BE PAID TO A THIRD PARTY AS PART OF A CLAIM FOR WHICH A PARTY PROVIDES INDEMNIFICATION UNDER THIS ARTICLE 9, NEITHER PARTY NOR ANY OF ITS AFFILIATES OR SUBLICENSEES SHALL BE LIABLE TO THE OTHER IN CONTRACT, TORT, NEGLIGENCE, BREACH OF STATUTORY DUTY OR OTHERWISE FOR ANY INDIRECT, INCIDENTAL, CONSEQUENTIAL, SPECIAL, PUNITIVE, REMOTE, EXEMPLARY OR SPECULATIVE DAMAGES OR OTHER DAMAGES THAT ARE NOT PROBABLE AND REASONABLY FORESEEABLE AND IRRESPECTIVE OF WHETHER THAT PARTY OR ANY REPRESENTATIVE OF THAT PARTY HAS BEEN ADVISED OF, OR OTHERWISE MIGHT HAVE ANTICIPATED THE POSSIBILITY OF, ANY SUCH LOSS OR DAMAGE; PROVIDED, FOR CLARITY, [***]. ARTICLE 10 CONFIDENTIALITY 10.1 Confidentiality. Each Party agrees that, during the Term and for a period of [***] years thereafter, such Party and its Affiliates will keep confidential and will not publish or otherwise disclose and will not use for any purpose other than as provided for in this Agreement (which includes the exercise of any rights or the performance of any obligations hereunder) any Confidential Information furnished to it or its Affiliates by the other Party or its Affiliates pursuant to this Agreement, except to the extent expressly authorized by this Agreement or as otherwise agreed to in writing by the Parties; provided, however, that the confidentiality and non-use obligations imposed by this Agreement with respect to trade secrets included in an item of Confidential Information will continue for as long as the disclosing Party continues to treat such Confidential Information as a trade secret. The foregoing confidentiality and non-use obligations do not apply to any portion of the other Party’s Confidential Information that the receiving Party can demonstrate by competent written proof: 31 Source: SIGA TECHNOLOGIES INC, 8-K, 6/3/2019 (a) was already known to the receiving Party or its Affiliate, other than under an obligation of confidentiality hereunder, at the time of disclosure by the other Party or any of its Affiliates; (b) was generally available to the public or otherwise part of the public domain at the time of its disclosure to the receiving Party or any of its Affiliates; (c) became generally available to the public or otherwise part of the public domain after its disclosure and other than through any act or omission of the receiving Party or any of its Affiliates in breach of this Agreement; (d) was disclosed to the receiving Party or any of its Affiliates by a Third Party who had a legal right to make such disclosure and who did not obtain such information directly or indirectly from the other Party or any of its Affiliates; or (e) was independently discovered or developed by the receiving Party or any of its Affiliates without access to or aid, application or use of the other Party’s Confidential Information, as evidenced by a contemporaneous writing. 10.2 Authorized Disclosure. Notwithstanding the obligations set forth in Section 10.1, either Party or its respective Affiliates may disclose the other Party’s Confidential Information and the terms of this Agreement to the extent: (a) such disclosure is reasonably necessary (i) for the filing or prosecuting of Patent or Trademark rights as contemplated by this Agreement; (ii) to comply with the requirements of Regulatory Authorities with respect to obtaining and maintaining Regulatory Approval of Product; or (iii) for prosecuting or defending litigation as contemplated by this Agreement; (b) such disclosure is reasonably necessary to its officers, directors, employees, agents, consultants, contractors, licensees, sublicensees, attorneys, accountants, lenders, insurers, shareholders, or licensors on a need-to-know basis for the sole purpose of performing its obligations or exercising its rights under this Agreement; provided that in each case, the disclosees are bound by obligations of confidentiality and non-use no less stringent than those contained in this Agreement; (c) such disclosure is reasonably necessary to any bona fide potential or actual investor, acquiror, merger partner, or other financial or commercial partner for the sole purpose of evaluating an actual or potential investment, acquisition or other business relationship with the disclosing Party; provided that in each case, the disclosees are bound by written obligations of confidentiality and non-use having a minimum term of two (2) years; or 32 Source: SIGA TECHNOLOGIES INC, 8-K, 6/3/2019 (d) such disclosure is reasonably necessary to comply with Laws, including regulations promulgated by applicable security exchanges, court order, administrative subpoena or other order. Notwithstanding the foregoing, if either Party or any of its respective Affiliates is required to"
SoupmanInc_20150814_8-K_EX-10.1_9230148_EX-10.1_Franchise Agreement1.pdf,"**Section 1:**
Kiosk Concepts, Inc. grants The Grilled Cheese Truck, Inc. a non-exclusive license to use the methods, procedures, and products developed by Kiosk Concepts to operate a Franchised Business selling proprietary gourmet soups, chilis, stews, desserts, wraps, and non-proprietary products in a designated Master Territory. The Grilled Cheese Truck, Inc. must devote full-time attention and best efforts to the Franchised Business, adhere to the System's policies and procedures, and comply with any modifications to the System. The initial term of the agreement is ten years, with options to renew for four additional ten-year terms upon written notice and satisfaction of certain conditions, including payment of a renewal fee of $10,000.

**Section 2:**
You shall pay various fees to us each month during the term of this Agreement, including a royalty fee based on revenue generated by Unit Franchisees, a franchise sales royalty fee for each Unit Franchise sold, and a National Advertising Fund Contribution. You shall also submit monthly reports of Franchise Sales Revenue and royalty fees paid and owed to you by Unit Franchisees. Failure to comply with these requirements may result in late fees, interest on overdue amounts, and other penalties.

**Section 3:**
You shall maintain a safe and reasonably clean place of business in compliance with all governmental and industry standards, conduct the Franchised Business in a manner that generates goodwill and public approval, and pay all personal property, sales, excise, use, and other taxes imposed on the Franchised Business. You must also maintain insurance coverage, including broad form comprehensive general liability coverage, automobile liability insurance, and worker's compensation and employer's liability insurance, with minimum liability coverage of Two Million Dollars ($2,000,000) aggregate.

**Section 4:**
The contract outlines the obligations of a master franchisee, including maintaining a franchise office to conform to the franchisor's quality standards, conducting advertising to solicit applicants, and submitting audited financial statements annually. The master franchisee is also required to use the franchisor's proprietary marks in accordance with the system's standards and specifications, and to comply with the franchisor's policies and procedures. Additionally, the master franchisee is prohibited from establishing their own website or social media presence related to the franchise without the franchisor's prior written consent.

**Section 5:**
The contract outlines the terms of a franchise agreement between Soupman, Inc. and a franchisee, where the franchisee is granted the right to operate a Soupman business in a specified territory. The franchisee must comply with various obligations, including using proprietary marks, operating the business in accordance with provided manuals, and maintaining confidentiality of trade secrets and confidential information. The franchisee is also subject to non-competition and non-disclosure covenants, which restrict their ability to engage in similar businesses or disclose confidential information for a period of three years after the expiration or termination of the agreement. The contract also outlines the franchisee's obligations to pay fees, royalties, and other payments to Soupman, Inc., and provides for termination of the agreement in the event of default or bankruptcy.

**Section 6:**
Upon termination or expiration of this Agreement, you shall immediately cease to operate the Franchised Business, cease to use confidential information and proprietary marks, cancel assumed name registration, and pay all sums owing to us, including damages, costs, and expenses, including reasonable attorneys' fees, incurred by us in obtaining injunctive or other relief for the enforcement of any provisions of this Section 11.

**Section 7:**
The Master Franchisee shall be an independent contractor, responsible for operating the Franchised Business, and shall not terminate any Unit Franchisee without the prior written consent of the Franchisor. The Master Franchisee shall also indemnify the Franchisor and its affiliates from any losses and expenses arising from the operation of the Franchised Business, including claims related to vehicle maintenance and operation. The Master Franchisee shall comply with the Franchisor's requirements for refunds of initial franchise fees to Unit Franchisees.

**Section 8:**
The contract outlines the terms of a master franchise agreement between Kiosk Concepts, Inc. and The Grilled Cheese Truck, Inc. for the operation of a grilled cheese truck business in North America, with the commencement date contingent on New York state approval. The agreement includes provisions for security interests, guarantees, and indemnification, as well as a waiver of jury trial and punitive damages.","10.2.20 If you fail to comply with the Minimum Development Quota. 10.3 Termination with Notice and Opportunity to Cure Except as otherwise provided in Sections 10.1 and 10.2 of this Agreement, you shall have thirty (30) days after your receipt from us of a written notice of default within which to remedy any default under this Agreement and to provide evidence thereof to us. If any such default is not cured within the specified time, or such longer period as applicable law may require, we shall have the right to terminate this Agreement by providing written notice of termination to you. You shall be in default pursuant to this Section 10.3 for failure to substantially comply with any of the requirements imposed by this Agreement, as it may from time to time reasonably be modified or supplemented by the Manuals, or your failure to carry out the terms of this Agreement in good faith. 10.4 Cross-Default Any default by you (or any person/company affiliated with you) under this Agreement may be regarded as a default under any other agreement between us (or any of our affiliates) and you (or any of your affiliates). Any default by you (or any person/company affiliated with you) under any other agreement, including, but not limited to, any lease and/or sublease, between us (or any of our affiliates) and you (or any of your affiliates), and any default by you (or any person/company affiliated with you) under any obligation to us (or any of our affiliates) may be regarded as a default under this Agreement. Any default by you (or any person/company affiliated with you) under any lease, sublease, loan agreement, security interest or otherwise, whether with us, any of our affiliates and/or any third party may be regarded as a default under this Agreement and/or any other agreement between us (or any of our affiliates) and you (or any of your affiliates). 24 Source: SOUPMAN, INC., 8-K, 8/14/2015 In each of the foregoing cases, we (and any of our affiliates) will have all remedies allowed at law, including termination of your rights (and/or those of any person/company affiliated with you) and our (and/or our affiliates’) obligations. No right or remedy which we may have (including termination) is exclusive of any other right or remedy provided under law or equity and we may pursue any rights and/or remedies available. 10.5 Our Right to Discontinue Services to You If you are in breach of any obligation under this Agreement, and we deliver to you a notice of termination as provided herein, we have the right to suspend our performance of any of our obligations under this Agreement including, without limitation, the sale or supply of any services or products for which we are an approved supplier to you and/or suspension of your webpage and/or listing on the System Website, until such time as you correct the breach. 10.6 Termination of this Agreement by You You shall have no right to terminate this Agreement. 10.7 Without Prejudice The termination of this Agreement shall be without prejudice to any remedy or cause of action which we may have against you for the recovery of any monies due us or any equipment or other property of ours, or any other right of ours to recover damages for any breach hereof. 10.8 Amendment Pursuant to Applicable Law Notwithstanding anything to the contrary contained in this Article, if any valid, applicable law or regulation of a competent governmental authority having jurisdiction over this franchise and the parties hereto shall limit our rights of termination under this Agreement or shall require longer notice periods than those set forth above, this Agreement is deemed amended to satisfy the minimum notice periods or restrictions upon such termination required by such laws and regulations; provided, however, that such constructive amendment shall not be deemed a concession by us that the grounds for termination set forth in this Agreement do not constitute “good cause“ for termination within the meaning ascribed to that term by any applicable law or regulation. We shall not be precluded from contesting the validity, enforceability or application of such laws or regulations in any action, hearing or proceeding relating to this Agreement or the termination of this Agreement. 25 Source: SOUPMAN, INC., 8-K, 8/14/2015 11. OBLIGATIONS UPON TERMINATION OR EXPIRATION Upon termination or expiration of this Agreement, all rights granted under this Agreement to you shall forthwith terminate and: 11.1 Cessation of Business You shall immediately cease to operate the Franchised Business, and shall not thereafter, directly or indirectly, represent to the public or hold yourself out as a present or former master franchisee of ours. 11.2 Cessation of Use of Confidential Information and Proprietary Marks You shall immediately and permanently cease to use, by advertising or in any other manner whatsoever, any confidential methods, procedures, and techniques associated with the System, and all Proprietary","8. MANUALS AND CONFIDENTIAL INFORMATION 21 8.1 Use of Manuals 21 8.2 Confidentiality of Information 21 8.3 Irreparable Injury from Disclosure of Confidential Information 21 8.4 Confidentiality Covenants from Individuals Associated with You 21 9. OUR OBLIGATIONS 22 9.1 Manuals and Assistance 22 9.2 Training Program 22 9.3 Advice and Assistance 22 9.4 Proprietary Marks 22 9.5 Advice 22 11. OBLIGATIONS UPON TERMINATION OR EXPIRATION 26 11.1 Cessation of Business 26 11.2 Cessation of Use of Confidential Information and Proprietary Marks 26 11.3 Cancellation of Assumed Name Registration 26 11.4 Payment of Monies Due; Liquidated Damages 26 11.5 Costs to Secure Compliance 27 11.6 Return of Manuals and Other Confidential Information 27 11.7 Irreparable Injury to Us 27 11.8 Compliance with Post-Term Covenants 27 11.9 Confidentiality Obligations 27 11.10 Non-Disclosure Obligations 27 11.11 Confidential Information 27 11.12 Proprietary Information 27 11.13 Trade Secrets 27 11.14 Restrictions on Use or Disclosure 27 11.15 Protected Information 27 11.16 Confidentiality of Information 27 11.17 Confidentiality Covenants 27 11.18 Confidentiality of Confidential Information 27 11.19 Confidentiality of Proprietary Information 27 11.20 Confidentiality of Trade Secrets 27 11.21 Confidentiality of Protected Information 27 11.22 Confidentiality of Confidential Information and Proprietary Information 27 11.23 Confidentiality of Confidential Information, Proprietary Information, and Trade Secrets 27 11.24 Confidentiality of Confidential Information, Proprietary Information, Trade Secrets, and Protected Information 27 11.25 Confidentiality of Confidential Information, Proprietary Information, Trade Secrets, Protected Information, and Confidential Information 27 11.26 Confidentiality of Confidential Information, Proprietary Information, Trade Secrets, Protected Information, Confidential Information, and Proprietary Information 27 11.27 Confidentiality of Confidential Information, Proprietary Information, Trade Secrets, Protected Information, Confidential Information, Proprietary Information, and Trade Secrets 27 11.28 Confidentiality of Confidential Information, Proprietary Information, Trade Secrets, Protected Information, Confidential Information, Proprietary Information, Trade Secrets, and Protected Information 27 11.29 Confidentiality of Confidential Information, Proprietary Information, Trade Secrets, Protected Information, Confidential Information, Proprietary Information, Trade Secrets, Protected Information, and Confidential Information 27 11.30 Confidentiality of Confidential Information, Proprietary Information, Trade Secrets, Protected Information, Confidential Information, Proprietary Information, Trade Secrets, Protected Information, Confidential Information, and Proprietary Information 27 11.31 Confidentiality of Confidential Information, Proprietary Information, Trade Secrets, Protected Information, Confidential Information, Proprietary Information, Trade Secrets, Protected Information, Confidential Information, Proprietary Information, and Trade Secrets 27 11.32 Confidentiality of Confidential Information, Proprietary Information, Trade Secrets, Protected Information, Confidential Information, Proprietary Information, Trade Secrets, Protected Information, Confidential Information, Proprietary Information, Trade Secrets, and Protected Information 27 11.33 Confidentiality of Confidential Information, Proprietary Information, Trade Secrets, Protected Information, Confidential Information, Proprietary Information, Trade Secrets, Protected Information, Confidential Information, Proprietary Information, Trade Secrets, Protected Information, and Confidential Information 27 11.34 Confidentiality of Confidential Information, Proprietary Information, Trade Secrets, Protected Information, Confidential Information, Proprietary Information, Trade Secrets, Protected Information, Confidential Information, Proprietary Information, Trade Secrets, Protected Information, Confidential Information, and Proprietary Information 27 11.35 Confidentiality of Confidential Information, Proprietary Information, Trade Secrets, Protected Information, Confidential Information, Proprietary Information, Trade Secrets, Protected Information, Confidential Information, Proprietary Information, Trade Secrets, Protected Information, Confidential Information, Proprietary Information, and Trade Secrets 27 11.36 Confidentiality of Confidential Information, Proprietary Information, Trade Secrets, Protected Information, Confidential Information, Proprietary Information, Trade Secrets, Protected Information, Confidential Information, Proprietary Information, Trade Secrets, Protected Information, Confidential Information, Proprietary Information, Trade Secrets, and Protected Information 27 11.37 Confidentiality of Confidential Information, Proprietary Information, Trade Secrets, Protected Information, Confidential Information, Proprietary Information, Trade Secrets, Protected Information,","You shall indemnify, defend and hold us, our parent and our affiliates, and our respective officers, directors, shareholders, employees, agents and attorneys, and their respective heirs, successors and assigns, and each of them, harmless from and against any and all claims arising from any action or omissions to act by you or Unit Franchisees in the Master Territory.

You shall indemnify, defend and hold harmless us and our affiliates, and our respective officers, directors, shareholders, agents and employees, from and against any and all claims, losses, damages, liabilities, costs and expenses (including, without limitation, actual attorneys’, accountants’ and consultants’ fees and other expenses, including any such expenses incurred in connection with investigating, defending against or settling any such claims sustained or incurred by us), however caused, resulting directly or indirectly from or pertaining to any acts, omissions to act and/or performance by you of your obligations and responsibilities under this Section 5.1, including, but not limited to, unauthorized disclosures to Applicants, any claims of Applicants or Unit Franchisees whose Unit Franchises were sold by you and/or any claims of any regulatory agencies which now or hereafter may have jurisdiction over the sale of franchises in connection with your sales of Unit Franchises.

You shall indemnify, defend and hold us, our parent and our affiliates, and our respective officers, directors, shareholders, employees, agents and attorneys, and their respective heirs, successors and assigns, and each of them, harmless from and against any and all claims arising from any action or omissions to act by you or Unit Franchisees in the Master Territory.

You shall indemnify, defend and hold harmless us and our affiliates, and our respective officers, directors, shareholders, agents and employees, from and against any and all claims, losses, damages, liabilities, costs and expenses (including, without limitation, actual attorneys’, accountants’ and consultants’ fees and other expenses, including any such expenses incurred in connection with investigating, defending against or settling any such claims sustained or incurred by us), however caused, resulting directly or indirectly from or pertaining to any acts, omissions to act and/or performance by you of your obligations and responsibilities under this Section 5.6, including, but not limited to, unauthorized disclosures to Applicants, any claims of Applicants or Unit Franchisees whose Unit Franchises were sold by you and/or any claims of any regulatory agencies which now or hereafter may have jurisdiction over the sale of franchises in connection with your sales of Unit Franchises.

You shall indemnify, defend and hold us, our parent and our affiliates, and our respective officers, directors, shareholders, employees, agents and attorneys, and their respective heirs, successors and assigns, and each of them, harmless from and against any and all claims arising from any action or omissions to act by you or Unit Franchisees in the Master Territory.

You shall indemnify, defend and hold harmless us and our affiliates, and our respective officers, directors, shareholders, agents and employees, from and against any and all claims, losses, damages, liabilities, costs and expenses (including, without limitation, actual attorneys’, accountants’ and consultants’ fees and other expenses, including any such expenses incurred in connection with investigating, defending against or settling any such claims sustained or incurred by us), however caused, resulting directly or indirectly from or pertaining to any acts, omissions to act and/or performance by you of your obligations and responsibilities under this Section 5.10, including, but not limited to, unauthorized disclosures to Applicants, any claims of Applicants or Unit Franchisees whose Unit Franchises were sold by you and/or any claims of any regulatory agencies which now or hereafter may have jurisdiction over the sale of franchises in connection with your sales of Unit Franchises.

You shall indemnify, defend and hold harmless us and our affiliates, and our respective officers, directors, shareholders, agents and employees, from and against any and all claims, losses, damages, liabilities, costs and expenses (including, without limitation, actual attorneys’, accountants’ and consultants’ fees and other expenses, including any such expenses incurred in connection with investigating, defending against or settling any such claims sustained or incurred by us), however caused, resulting directly or indirectly from or pertaining to any acts, omissions to act and/or performance by you of your obligations and responsibilities under this Section 5.11, including, but not limited to, unauthorized disclosures to Applicants, any claims of Applicants or Unit Franchisees whose Unit Franchises were sold by you and/or any claims of any regulatory agencies which now or hereafter may have jurisdiction over the sale of franchises in connection with your sales of Unit Franchises.

You shall indemnify, defend and hold harmless us and our affiliates, and our respective officers, directors, shareholders, agents and employees, from and against any and all claims, losses, damages, liabilities, costs and expenses (including, without limitation, actual attorneys’, accountants’ and consultants’"
StaarSurgicalCompany_20180801_10-Q_EX-10.37_11289449_EX-10.37_Distributor Agreement.pdf,"**Section 1:**
STAAR SURGICAL AG appoints Distributor to market, distribute, and sell ophthalmic products in the Territory, with exclusive rights to sell the Products in the Territory, subject to STAAR's right to sell directly or indirectly. Distributor shall purchase the Products from STAAR, pay prices specified on Exhibit A, and make payments within thirty days of STAAR's invoice. The term of the Agreement commences on the Effective Date and terminates in _____________, unless terminated earlier, with the option to renew for successive one-year periods.

**Section 2:**
Distributor shall cooperate with STAAR in product recalls, notify customers and record returns, and maintain recall documentation. Distributor shall also document and inform STAAR of complaints, including product model and customer information, and forward significant complaints to STAAR within one day. Distributor shall maintain confidentiality of STAAR's proprietary information, including software and trademarks, and comply with regulatory requirements for product importation and resale.

**Section 3:**
Distributor shall maintain accurate and complete records of transactions related to the sale of STAAR's Products for at least two years, making them readily available to STAAR. The Agreement also outlines obligations regarding data protection, including the processing of personal data, and requires Distributor to comply with applicable laws.","14.1 STAAR or Distributor shall have the right, at its option, to terminate this Agreement, by giving written notice to the other party, effective immediately on receipt of such notice, on the occurrence of any of the following events: (a) In the event that the other party becomes or is deemed insolvent; proceedings are instituted by or against it in bankruptcy, insolvency, reorganization or dissolution; or it makes a general assignment for the benefit of creditors; (b) In the event that the other party fails to observe or perform any obligation, warranty, duty or responsibility under this Agreement and such failure continues unremedied for a period of thirty (30) days following written notice thereof by the non breaching party; or 14.2 STAAR shall have the right to terminate this Agreement by giving written notice to Distributor, effective immediately on receipt of such notice, (a) if Distributor fails to meet the Annual Minimum Volume as set forth in Section 7.2 or (b) pursuant to Section 15, or in the event the parties are unable to agree upon changes in the prices for Products within thirty (30) days following STAAR’s notice thereof. 14.3 Notwithstanding the provisions of Section 3 above, either party shall have the right to terminate this Agreement, without cause, upon no less than ninety (90) days’ prior written notice to the other party. 14.4 Upon any termination or expiration of this Agreement: (a) All sums due to either party from the other shall be promptly paid; (b) Distributor orders received and accepted by STAAR prior to the effective date of the termination of this Agreement shall be fulfilled in accordance with their terms; (c) All property belonging to one party but in the custody of the other shall be returned; (d) STAAR shall have the option to repurchase any or all current and resalable Products in Distributor’s inventory at eighty percent (80%) of Distributor’s original net purchase price (reflecting a twenty percent (20%) restocking and administrative fee); (e) Distributor shall cease all display, advertising and use of STAAR trade names, trademarks (including the Trademarks), logos and designations, except uses on the Products which remain in Distributor’s possession, and shall transfer all registrations and sponsorships for the Products to STAAR or its designee; and (f) The parties have considered the possibility that one or both parties will incur expenses in preparing for performance of this Agreement and that one or both parties will incur expenses and suffer losses as a result of termination, and the parties have nevertheless agreed that the terminating party shall not incur any liability whatsoever for any damage, loss or expense of any kind suffered or incurred by the other party (or for any compensation to the other party) arising from or incident to any termination or non-renewal of this Agreement by the terminating party pursuant to its terms, whether or not the terminating party is aware of any such damage, loss or expense. Without limiting the generality of the foregoing, upon any termination of this Agreement by either Party in accordance with its terms (or otherwise), in no event shall STAAR be required to pay to Distributor any “good will” or other payment of any nature or kind based on the sales, business development or other activities of Distributor during the term of this Agreement. Distributor, for itself and on behalf of each of its employees, hereby waives any rights which may be granted to it or them under the laws and regulations of the Territory or otherwise which are not granted to it or them by this Agreement. Termination is not the sole remedy under this Agreement, and, whether or not termination is effected, all other remedies shall remain available.","Distributor shall fully document and inform STAAR in writing of any Complaints or other matters addressed in this Section 10. Documentation with respect to Complaints shall include the Product model and serial or lot number, customer contact information, and as much detail as possible regarding the nature of the Complaint. Distributor will forward to STAAR any Complaint involving significant bodily injury, illness or death resulting from use of Products within one (1) calendar day of receipt and Distributor must notify STAAR of any such incident prior to issuing any notice required by law in respect of such incident (including those to be issued to governmental or regulatory authorities). Distributor shall forward to STAAR all other Complaints within five (5) calendar days of receipt. If any evaluation of Product involved in a Complaint by STAAR is necessary or appropriate, Distributor will use best efforts to retrieve the affected Product, if available, and return it to STAAR. STAAR will pay for the return shipment of such Product to STAAR. STAAR will be responsible for investigating all Complaints, determining if reporting to regulatory authorities in the Territory is required, and submitting such reports to regulatory authorities when required. The term “Complaints” as used in this Section 10.3 means any report, complaint or other communication received by Distributor (or its employees, contractors, agents or representatives) from end users of Products or their healthcare providers related to the safety or efficacy of the Products.

Distributor shall neither use nor permit others to use the name “STAAR”, or any abbreviation or modification thereof, or the Trademarks or any other trademark or trade name of Company as part of the Distributor’s firm name or corporate titles, in signs or in letterheads without the prior written consent of Company. Distributor may designate itself as a Distributor of Products in the Territory in such form and manner as Company may approve of in advance in writing. Distributor shall not grant this privilege to any third party or to any affiliates without Company’s prior written consent.

Distributor shall maintain the confidentiality of such Proprietary Information. Without limiting the generality of the foregoing obligations, Distributor agrees that for the term of this Agreement and thereafter until such time as the Proprietary information is in the public domain, Distributor will (i) not disclose, publish or disseminate any Proprietary Information, (ii) not use any Proprietary Information for its own account, (iii) not authorize any other person to disclose, publish or disseminate the Proprietary information, and (iv) treat all Proprietary Information in a confidential manner, including appropriate marking and secure storage of written Proprietary Information.

Distributor shall neither use nor permit others to use the name “STAAR”, or any abbreviation or modification thereof, or the Trademarks or any other trademark or trade name of Company as part of the Distributor’s firm name or corporate titles, in signs or in letterheads without the prior written consent of Company. Distributor may designate itself as a Distributor of Products in the Territory in such form and manner as Company may approve of in advance in writing. Distributor shall not grant this privilege to any third party or to any affiliates without Company’s prior written consent.

Distributor shall maintain the confidentiality of such Proprietary Information. Without limiting the generality of the foregoing obligations, Distributor agrees that for the term of this Agreement and thereafter until such time as the Proprietary information is in the public domain, Distributor will (i) not disclose, publish or disseminate any Proprietary Information, (ii) not use any Proprietary Information for its own account, (iii) not authorize any other person to disclose, publish or disseminate the Proprietary information, and (iv) treat all Proprietary Information in a confidential manner, including appropriate marking and secure storage of written Proprietary Information.

Distributor shall maintain the confidentiality of such Proprietary Information. Without limiting the generality of the foregoing obligations, Distributor agrees that for the term of this Agreement and thereafter until such time as the Proprietary information is in the public domain, Distributor will (i) not disclose, publish or disseminate any Proprietary Information, (ii) not use any Proprietary Information for its own account, (iii) not authorize any other person to disclose, publish or disseminate the Proprietary information, and (iv) treat all Proprietary Information in a confidential manner, including appropriate marking and secure storage of written Proprietary Information.

Distributor shall maintain the confidentiality of such Proprietary Information. Without limiting the generality of the foregoing obligations, Distributor agrees that for the term of this Agreement and thereafter until such time as the Proprietary information is in the public domain, Distributor will (i) not disclose, publish or disseminate any Proprietary Information, (ii) not use any Proprietary Information for its own account, (iii) not authorize any other person to disclose, publish or disseminate the Propri","9.1 STAAR warrants that, for the period of twelve (12) months from the date of delivery to Distributor hereunder (the “Warranty Period”), the Products will meet STAAR’s published specifications or labeling for such Products as in effect at the time of such delivery (“Warranty”). To the maximum extent permitted by applicable law and except as otherwise stated in this Agreement: (a) the foregoing Warranty is exclusive; and (b) all other terms, representations, undertakings, rights, remedies and warranties are excluded, whether express or implied (including but not limited to any warranties of merchantability, fitness for a particular purpose or against infringement). To the maximum extent permitted by applicable law, the exclusive remedy for breach of the Warranty shall be, at STAAR’s option, the repair or replacement, at STAAR’s expense, of the non-conforming Product; provided that Distributor notifies STAAR of the non-conformity and returns the non-conforming Product within the Warranty Period. Products may only be returned by Distributor when accompanied by a return material authorization number issued by STAAR. Shipping expenses for Products returned by Distributor will be prepaid by Distributor. STAAR shall pay for the return or replacement shipment to Distributor of Products repaired or replaced under the Warranty. For Products returned for repair or replacement that are not covered under Warranty, STAAR’s standard repair charges shall be applicable in addition to all shipping expenses. The above Warranty is contingent upon proper installation, use and maintenance of the Products and does not apply to Products which have been misused, mishandled, adulterated, repaired or modified without STAAR’s written approval. To the maximum extent permitted by applicable law, STAAR shall not be responsible for any incidental or consequential loss, damage, or expense which arises directly or indirectly from the use of any Product. Without limiting the above, and to the maximum extent permitted by applicable law, Distributor’s sole remedy in contract or in tort (including in negligence) and STAAR’s liability shall be limited to the repair or replacement of any Product which is returned to and found to be defective or non-conforming by STAAR."
SteelVaultCorp_20081224_10-K_EX-10.16_3074935_EX-10.16_Affiliate Agreement.pdf,"**Section 1:**
This Agreement is made between Equidata, Inc. and National Credit Report.com, LLC, where the latter markets Equidata's personal credit, fraud detection, credit scoring services, and credit monitoring for consumers. Marketing Affiliate may display Equidata's marketing materials and link to its website, but must obtain express written permission to offer the Services for sale, market, sell, or distribute. Marketing Affiliate pays Equidata amounts outlined in Exhibit A, billed bi-monthly, and is responsible for non-payment of fees charged to consumers.","This Agreement may be terminated by either party with cause upon thirty (30) days written notice. Upon Marketing Affiliate’s default in payment or other breach of this Agreement, Equidata may terminate this Agreement without notice to Marketing Affiliate. Upon termination for any reason, Equidata reserves the right to deactivate Marketing Affiliate’s access to the services including the Equidata Web Site. Termination does not release Marketing Affiliate from paying all amounts owed to Equidata. 7.4. Equidata reserves the right to terminate this Agreement immediately for cause if Experian, Equifax and/or TransUnion (Credit Reporting Agencies — CRAs) decline to render Services to Marketing Affiliate for any reason or if Equidata is notified by any of the CRAs to cease rendering Services to Marketing Affiliate.","Marketing Affiliate and Equidata mutually acknowledge that from time to time Confidential Information may be received by each. Confidential Information, includes, but is not limited to, Customer names and lists. The Receiving Party may not disclose or use the Disclosing Party’s Confidential and Proprietary Information for any reason other than in the performance of this Agreement. It is agreed any information received or collected by Marketing Affiliate about its Customers or potential Customers, including information used to enroll Customers is Proprietary as defined by this section and will not be used by Equidata in any manner other than as outlined herein.","MARKETING AFFILIATE ACKNOWLEDGES AND AGREES THAT ANY PRODUCT, SERVICE, LICENSE OR PERMISSION PROVIDED BY EQUIDATA UNDER THIS AGREEMENT IS PROVIDED ON AN “AS IS” BASIS. EQUIDATA EXPRESSLY DISCLAIMS ANY WARRANTY OF ANY KIND WHATSOEVER, WHETHER EXPRESS, IMPLIED, STATUTORY, OR ARISING FROM COURSE OF DEALING OR PERFORMANCE, AND HEREBY DISCLAIMS AND EXCLUDES FROM THIS AGREEMENT ALL IMPLIED WARRANTIES, INCLUDING WITHOUT LIMITATION WARRANTIES OF MERCHANTABILITY, FITNESS FOR A PARTICULAR PURPOSE, NONINFRINGEMENT, NONINTERFERENCE WITH DATA, ACCURACY, OR THAT THE SERVICE IS ERROR FREE. IN NO EVENT WILL EQUIDATA BE LIABLE FOR ANY INDIRECT, EXEMPLARY, PUNITIVE, SPECIAL, OR CONSEQUENTIAL DAMAGES INCLUDING WITHOUT LIMITATION LOST PROFITS OR OTHER ECONOMIC LOSS, LOST REIMBURSEMENTS, AND LOST DATA, OR FOR ANY CLAIM BY ANY THIRD PARTY. EVEN IF EQUIDATA, MARKETING AFFILIATE OR BOTH HAD BEEN ADVISED OF THE POSSIBILITY OF SUCH DAMAGES OR CLAIM, MARKETING AFFILIATE AGREES TO DEFEND, INDEMNIFY AND HOLD HARMLESS EQUIDATA, AND EACH OF ITS EMPLOYEES, AGENTS, OFFICERS AND DIRECTORS, FROM AND AGAINST ANY CLAIM, SUIT, DEMAND, OR ACTION, INCLUDING WITHOUT LIMITATION ATTORNEY FEES, ARISING FROM (A) BREACH OF THIS AGREEMENT BY MARKETING AFFILIATE, (B) THE MARKETING AFFILIATE WEB SITE, OR (C) MARKETING AFFILIATE’S BUSINESS."
ThriventVariableInsuranceAccountB_20190701_N-6_EX-99.D(IV)_11720968_EX-99.D(IV)_Endorsement Agreement.pdf,"**Section 1:**
This contract, effective July 1, 2019, amends the obligations and terms of a Thrivent Life Insurance Company contract, now transferred to Thrivent Financial for Lutherans, with all benefits and terms remaining unchanged except for specified amendments. The amendments include provisions for maintenance of solvency, membership, dividends, and dividend options, with Thrivent Financial for Lutherans assuming all obligations under the contract.","This provision applies only to benefits provided through the General Account. If the solvency of the Society becomes impaired, you may be required to make an extra payment. The Board of Directors will determine the amount of any extra payment. It will be based on each member’s fair share of the deficiency. You may make the extra payment by an equivalent reduction in benefits or by a payment in cash. If you do not make the extra payment within 60 days from the date we notify you of your share of the deficiency, the amount will be charged as an indebtedness against the contract with interest compounded at the rate of 5% per year.",NONE,NONE
TomOnlineInc_20060501_20-F_EX-4.46_749700_EX-4.46_Co-Branding Agreement.pdf,"**Section 1:**
This Co-Branding Agreement, effective August 22, 2005, is entered into by Skype Communications, S.A., Skype Technologies, S.A., TOM Online (BVI) Limited, TOM Online Inc., and Tel-Online Limited, to grant the Company (or Online BVI, to act on behalf of the Company) certain rights to provide co-marketing and co-branding activities, and to expand the business relationship among the parties. The agreement involves the creation, marketing, and distribution of a cobranded, customized version of the Skype Software in the PRC, featuring the Online Group's and Skype's brand features, and the development and hosting of a co-branded web site or web site content. The parties will share revenue from the customized version of the Skype Software, with the Company responsible for direct expenses, and the parties will indemnify each other against third-party claims.

**Section 2:**
Skype and TOM ONLINE INC agree to co-brand the Skype Software, with Skype designing and producing the Company-Skype Branded Application, and the Company designing, producing, hosting, and maintaining the Company-Skype Branded Web Site. The Parties will mutually agree on promotional activities, customer support, and payment methods, with Skype providing technical support and the Company providing first-level support to customers. The Company will promote the availability of the Company-Skype Branded Application to its customers, and the Parties will comply with applicable laws and regulations of the PRC.

**Section 3:**
The contract grants a limited, non-exclusive license to use, market, and reproduce the Online BVI Intellectual Property and Skype Intellectual Property for the development and transmission of the Company-Skype Branded Application, Branded Content, and Branded Web Site. The license is royalty-free, but subject to provisions, and the parties agree to share 50% of Adjusted Net Revenue.

**Section 4:**
The Company and Online BVI will provide Payment Services directly or through a Subsidiary or Affiliate, and pay Direct Expenses promptly upon invoice. The Parties will furnish Statements within thirty days of each calendar quarter, showing Gross Revenue, Direct Expenses, and Adjusted Net Revenue, and pay 50% of Adjusted Net Revenue within sixty days. Payments will be made in Euros, and if revenue is earned in other currencies, the Party will convert amounts into Euros based on the Wall Street Journal exchange rate.

**Section 5:**
The contract primarily focuses on the non-competition obligations of the parties, particularly during the three-month period following the launch of an enterprise version of the Skype Software. The parties agree to refrain from discussing, negotiating, or entering into any agreements with third parties regarding enterprise co-branded Internet-based applications in simplified Chinese, which are substantially similar in functionality and features as the Enterprise Skype Software. The restrictions do not apply to Skype's existing operations or agreements with customers and affiliates, and the non-competition period may terminate under certain conditions, including the failure to meet specific growth rates in customer numbers.

**Section 6:**
The parties to this Agreement, including Skype Communications, S.A., Skype Technologies, S.A., Tom Online (BVI) Limited, Tom Online Inc., and Tel-Online Limited, agree to indemnification obligations, with each party guaranteeing the timely performance of their respective obligations and agreeing to defend, indemnify, and hold harmless the other parties from and against any loss, claim, cost, expense, liability, or damage resulting from third-party claims. The parties also agree to limit liability, excluding compensation for loss of profits, expenditures, data, opportunity, anticipated savings, investments, or commitments, and waiving special, indirect, consequential, incidental, punitive, or consequential damages.

**Section 7:**
This Statement of Work, made as of August 22, 2005, is part of the Co-Branding Agreement between Skype Communications, S.A., Skype Technologies, S.A., Tom Online (BVI) Limited, Tom Online Inc., and Tel-Online Limited, outlining the terms and conditions for the provision of services, including the requirement for employees or independent contractors to execute a Contributor's Agreement, and the designation of a Project Manager for each party. The effective date of this Statement is August 22, 2005.","8.3 Termination of Non-Competition Period. Notwithstanding any portion of the foregoing to the contrary, the Non-Competition Period shall terminate prior to the End Date, and for the avoidance of doubt, no party shall be obligated to comply with the restrictions set out in Section 8.1 after the termination of the Non-Competition Period: 8.3.1 within thirty (30) days of the end of the Type One Cure Period (defined below) where: 8.3.1.1 Skype or Online BVI has delivered a notice (“Type One Notice”) to (i) the Company and Online BVI (in the case of Skype), or (ii) the Company and Skype (in the case of Online BVI), in the event that: (A) the SkypeOut or SkypeIn service has been available for use in the PRC for at least forty-five (45) days; and (B) neither the Company nor Online BVI are providing services themselves or making available services for the SkypeOut or SkypeIn service, which in each case are reasonably accessible to all Company-Skype Branded Customers, which allow the Company-Skype Branded Customers to make payment for the Company-Skype Branded Application, including, without limitation, by at least one of the following methods: prepaid cards or mobile phone billing or online payment gateway or telephone company billing; and 8.3.1.2 the circumstances under Section 8.3.1.1(B) have not been cured by the end of the full calendar month following the delivery of the Type One Notice (“Type One Cure Period”); and 8.3.1.3 the Party who delivers the Type One Notice gives notice to the other Parties of its intention to exercise its right to end the Non-Competition Period within 30 days of the expiry of the Type One Cure Period.; or 8.3.2 within thirty (30) days of the end of the Type Two Cure Period (defined below) where: 8.3.2.1 Skype or Online BVI has delivered a notice (“Type Two Notice”) to (i) the Company and Online BVI (in the case of Skype), or (ii) the Company and Skype (in the case of Online BVI), in the event that, either: (A) in any calendar quarter (measured as of the last day of the applicable calendar quarter) during the Non-Competition Period (“Quarter”), the total number of Customers utilizing the Company-Skype Branded Application does not increase at a growth rate (i.e., the number of new registered users as of the last day of the Quarter divided by the total number of registered users on the first day of the same Quarter ) that is equal to or better than 50% of the growth rate of the number of Skype customers using the non-co-branded versions of the Skype Software for the same period (determined by excluding from the denominator and the numerator any Skype customers obtained by Skype by corporate merger or acquisition of another VOIP business, and through any other co-branding relationships); or (B) in any two consecutive calendar quarters (measured as of the last day of each applicable calendar quarter) during the NonCompetition Period (“Consecutive Quarters”), the total number of Customers utilizing the Company-Skype Branded Application does not increase at a growth rate in either one of the Consecutive Quarters (i.e., the number of new registered users as of the last day of each of the Consecutive Quarters divided by the total number of registered users on the first day of the same quarter) that is equal to or better than 70% of the growth rate of the number of Skype customers using the non-co-branded versions of the Skype Software in the same two quarter period (determined by excluding from the denominator and the numerator any Skype customers obtained by Skype by corporate merger or acquisition of another VOIP business, and through any other co-branding customers), provided that where there is any period (“Affected Period”) during a Quarter (in the case of Section 8.3.2.1(A)) or any one of the Consecutive Quarters (in the case of Section 8.3.2.1(B)) in which there is any act or embargo of governmental, quasi-governmental or regulatory authorities or any regulations or restrictions imposed, whether by such authorities, by law or by court action (“Regulatory Event”), directly or indirectly affecting the performance by any Party of any obligation hereunder or otherwise affecting the number of Customers utilizing the Company-Skype Branded Application and a notice of such Regulatory Event has been given by a Party to the other Parties, the Quarter and/or Consecutive Quarters (as the case may be) for calculating any growth rate under Section 8.3.2.1(A) and/or Section 8.3.2.1(B) (as the case may be) shall be deemed to commence on the","13.1 Company Indemnification. Tom Holding unconditionally guarantees the timely performance of all of the obligations of Online BVI, the Group and the Online Group hereunder, and agrees to defend, indemnify, and hold harmless Skype, Skype Holding, their affiliated companies and Subsidiaries and their respective officers, directors, employees and agents from and against any loss, claim, cost, expense, liability or damage, including reasonable attorney’s fees and costs resulting from a third-party claim that directly arises from: (i) a claim that the Group Rights infringe the intellectual property or other proprietary rights of any third party; (ii) a breach of the Online Group’s and the Group’s representations and warranties hereunder made; (iii) the performance of the Online Group’s and the Group’s obligations hereunder; or (iv) the Online Group’s and the Group’s, or their respective employees’ negligence, misrepresentations or other tortious, illegal or unauthorized conduct in the promotion of the Company-Skype Branded Application or any other act or omission arising out of or relating to this Agreement. Such indemnification obligation of Tom Holding is conditioned upon Skype promptly notifying Tom Holding in writing setting forth with specificity the claim or action to which such indemnification obligation applies, and reasonable cooperation, information, and assistance in connection therewith. Tom Holding will have the right to control the defense of each such claim and any lawsuit or proceeding arising therefrom. In no event will Skype settle any such claim or lawsuit or proceeding arising therefrom without the prior written approval of Tom Holding. In defending against such claim or action, Tom Holding may (i) contest; (ii) settle; (iii) and in the case of any claim that the Group Rights infringe the intellectual property or other proprietary rights of a third party, (a) procure for Skype and its customers the right to continue using the Group Rights, as applicable, or (b) modify or replace the Group Rights, as applicable, so that it they longer infringe. 13.2 Skype Indemnification. Skype Holding unconditionally guarantees the timely performance of all of the obligations of Skype hereunder, and agrees to defend, indemnify, and hold harmless Online BVI, Tom Holding, the Company and any member of the Online Group and the Group, its affiliated companies and Subsidiaries and their respective officers, directors, employees and agents from and against any loss, claim, cost, expense, liability or damage, including reasonable attorney’s fees and costs resulting from a third-party claim that directly arises from: (i) a claim that the Skype Rights infringe the intellectual property or other proprietary rights of any third party; (ii) a breach of Skype’s representations and warranties hereunder made; (iii) the performance of its obligations hereunder; or (iv) its or its employees’ negligence, misrepresentations or other tortious, illegal or unauthorized conduct in the promotion of the Company-Skype Branded Application or any other act or omission arising out of or relating to this Agreement. Such indemnification obligation of Skype is conditioned upon Tom Holding promptly notifying Skype Holding in writing setting forth with specificity the claim or action to which such indemnification obligation applies, and reasonable cooperation, information, and assistance in connection therewith. Skype Holding will have the right to control the defense of each such claim and any lawsuit or proceeding arising therefrom. In no event will the Online Group or the Group settle any such claim or lawsuit or proceeding arising therefrom without the prior written approval of Skype Holding. In defending against such claim or action, Skype Holding may (i) contest; (ii) settle; (iii) and in the case of any claim that the Skype Rights infringe the intellectual property or other proprietary rights of a third party, (a) procure for Online Group and its customers, or the Group, the right to continue using the Skype Rights, as applicable, or (b) modify or replace the Skype Rights, as applicable, so that it they longer infringe. 13.5 Infringement Remedy. If a claim, action, suit or proceeding is brought against the Skype Group under Section 13.1(i), or against the Online Group or the Group under Section 13.2(i), resulting from any party’s respective use of the other party’s Intellectual Property, then the Indemnifying Party may at its own election (and at its own expense) (i) replace substantially equivalent Intellectual Property for the infringing item, (ii) modify or fix the infringing item so that it no longer infringes but remains functionally equivalent, (iii) obtain for the benefit of the other party the right to continue using such item in accordance with this Agreement, or (iv) immediately terminate this Agreement. THE FOREGOING PROVISIONS OF THIS SECTION 13.5 STATE THE ENTIRE LIABILITY AND THE EXCLUSIVE REMEDY OF THE PARTIES TO THIS AGREEMENT WITH RESPECT TO INFRINGEMENT OR ALLEGED INFRINGEMENT OF INTEL","12.2 Limitation of Liability. 12.2.1 TO THE MAXIMUM EXTENT PERMISSIBLE UNDER APPLICABLE LAW, EXCEPT FOR THE WILFUL MISAPPROPRIATION OR INFRINGEMENT OF THE INTELLECTUAL PROPERTY OF A PARTY TO THIS AGREEMENT, OR THE OBLIGATIONS OF THE PARTIES TO THIS AGREEMENT PURSUANT TO SECTION 13, (A) THE LIABILITY OF ANY PARTY TO THIS AGREEMENT, IF ANY, FOR DAMAGES FOR ANY CLAIM OF ANY KIND WHATSOEVER AND REGARDLESS OF THE LEGAL THEORY, WITH REGARD TO THE RIGHTS GRANTED HEREUNDER OR THE SERVICES PERFORMED HEREUNDER, SHALL NOT INCLUDE COMPENSATION, REIMBURSEMENT OR DAMAGES ON ACCOUNT OF THE LOSS OF PRESENT OR PROSPECTIVE PROFITS, EXPENDITURES, DATA, OPPORTUNITY, ANTICIPATED SAVINGS, INVESTMENTS OR COMMITMENTS, WHETHER MADE IN ESTABLISHMENT, DEVELOPMENT OR MAINTENANCE OF REPUTATION OR GOODWILL OR FOR ANY OTHER REASON WHATSOEVER; AND (B) IN NO EVENT SHALL ANY PARTY TO THIS AGREEMENT BE LIABLE TO THE OTHER PARTIES TO THIS AGREEMENT FOR SPECIAL, INDIRECT, CONSEQUENTIAL, INCIDENTAL, PUNITIVE OR CONSEQUENTIAL DAMAGES. THE PARTIES ACKNOWLEDGE AND AGREE THAT NOTHING IN THIS SECTION 12.2 SHALL LIMIT A PARTY’S OBLIGATION TO PAY ANY AMOUNTS DUE AND OWING TO THE OTHER PARTY UNDER SECTION 5 ON OR BEFORE ANY DATE OF EXPIRATION OR TERMINATION HEREOF. 13. INDEMNIFICATION 13.1 Company Indemnification. Tom Holding unconditionally guarantees the timely performance of all of the obligations of Online BVI, the Group and the Online Group hereunder, and agrees to defend, indemnify, and hold harmless Skype, Skype Holding, their affiliated companies and Subsidiaries and their respective officers, directors, employees and agents from and against any loss, claim, cost, expense, liability or damage, including reasonable attorney’s fees and costs resulting from a third-party claim that directly arises from: (i) a claim that the Group Rights infringe the intellectual property or other proprietary rights of any third party; (ii) a breach of the Online Group’s and the Group’s representations and warranties hereunder made; (iii) the performance of the Online Group’s and the Group’s obligations hereunder; or (iv) the Online Group’s and the Group’s, or their respective employees’ negligence, misrepresentations or other tortious, illegal or unauthorized conduct in the promotion of the Company-Skype Branded Application or any other act or omission arising out of or relating to this Agreement. Such indemnification obligation of Tom Holding is conditioned upon Skype promptly notifying Tom Holding in writing setting forth with specificity the claim or action to which such indemnification obligation applies, and reasonable cooperation, information, and assistance in connection therewith. Tom Holding will have the right to control the defense of each such claim and any lawsuit or proceeding arising therefrom. In no event will Skype settle any such claim or lawsuit or proceeding arising therefrom without the prior written approval of Tom Holding. In defending against such claim or action, Tom Holding may (i) contest; (ii) settle; (iii) and in the case of any claim that the Group Rights infringe the intellectual property or other proprietary rights of a third party, (a) procure for Skype and its customers the right to continue using the Group Rights, as applicable, or (b) modify or replace the Group Rights, as applicable, so that it they longer infringe. 24 Source: TOM ONLINE INC, 20-F, 5/1/2006 13.2 Skype Indemnification. Skype Holding unconditionally guarantees the timely performance of all of the obligations of Skype hereunder, and agrees to defend, indemnify, and hold harmless Online BVI, Tom Holding, the Company and any member of the Online Group and the Group, its affiliated companies and Subsidiaries and their respective officers, directors, employees and agents from and against any loss, claim, cost, expense, liability or damage, including reasonable attorney’s fees and costs resulting from a third-party claim that directly arises from: (i) a claim that the Skype Rights infringe the intellectual property or other proprietary rights of any third party; (ii) a breach of Skype’s representations and warranties hereunder made; (iii) the performance of its obligations hereunder; or (iv) its or its employees’ negligence, misrepresentations or other tortious, illegal or unauthorized conduct in the promotion of the Company-Skype Branded Application or any other act or omission arising out of or relating to this Agreement. Such indemnification obligation of Skype is conditioned upon Tom Holding promptly notifying Skype Holding in writing setting forth with specificity the claim or action to which such indemnification obligation applies, and reasonable cooperation, information, and assistance in connection therewith. Skype Holding will have the right to"
VerizonAbsLlc_20200123_8-K_EX-10.4_11952335_EX-10.4_Service Agreement.pdf,"**Section 1:**
This Agreement, dated as of January 29, 2020, among Verizon Owner Trust 2020-A, Verizon ABS LLC, and Cellco Partnership d/b/a Verizon Wireless, outlines the terms for the transfer and servicing of a pool of device payment plan agreements, with Cellco serving as the servicer, marketing agent, and custodian, and Verizon ABS LLC as the depositor, with the goal of securitizing a pool of receivables through the issuance of notes.

**Section 2:**
The contract creates a valid security interest in the Depositor Transferred Property in favor of the Issuer, which is prior to all other Liens, and is enforceable against creditors of, purchasers from, and transferees of the Depositor. The Servicer, Cellco, will manage, service, administer, and collect on the Receivables with reasonable care, and will maintain perfection of the security interest of the Issuer and the Indenture Trustee in each Receivable. The Servicer may acquire Receivables under certain circumstances, including if it is unable to service a Receivable according to the Servicing Procedures, and will pay the related Acquisition Amount on or prior to the second Business Day before the Payment Date.

**Section 3:**
The Servicer will be deemed to have transferred and assigned to the Issuer all of its right, title, and interest in the Receivable, effective as of the last day of the Collection Period immediately preceding the related Collection Period, without recourse, representation, or warranty by the Issuer. The Servicer will be paid the Servicing Fee on each Payment Date, and may retain any Supplemental Servicing Fees, including the Temporarily Excluded Receivables Servicing Fee.

**Section 4:**
If the Marketing Agent, the relevant Originator and the Parent Support Provider fail to make Upgrade Payments with respect to an Upgrade Offer, the Servicer shall deliver a notice to Obligors indicating their recoupment rights against Verizon Wireless, and grant a monthly credit to the Obligor against amounts owing with respect to the new device payment plan agreement, in an amount equal to the original device payment plan agreement that is a Receivable.

**Section 5:**
The Marketing Agent shall deposit amounts into the Collection Account on the second Business Day before the Payment Date related to the Collection Period in which the related Obligor has satisfied all terms and conditions of an Upgrade Offer, or cause the related Originator to do so, to extinguish the Obligor's claim in recoupment against the Originator and its right to offset against the Obligor's new device payment plan agreement.

**Section 6:**
The Servicer and Marketing Agent represent and warrant their organizational status, authority to conduct business, and compliance with laws and regulations, except where failure to comply would not reasonably be expected to have a Material Adverse Effect. They also agree to indemnify the Issuer, Owner Trustee, and Indenture Trustee for losses resulting from their willful misconduct, bad faith, or gross negligence in performing their obligations under the Transaction Documents. The Servicer and Marketing Agent may not delegate their obligations without the Issuer's consent, except for certain exceptions, and will remain responsible for their obligations despite any delegation or contracting.

**Section 7:**
The Servicer will provide annual reports on its assessment of compliance with servicing criteria, including disclosure of any material instances of non-compliance, and will deliver a report of a registered public accounting firm attesting to the assessment. The Servicer may resign unless it is legally unable to perform its obligations, and upon resignation, Cellco will assume the obligations of the Servicer to acquire Receivables. The Servicer may be terminated if it fails to deposit Collections, observe or perform any obligation under the Agreement, or if an Insolvency Event occurs, and the Indenture Trustee may remove the Servicer and appoint a Successor Servicer.

**Section 8:**
The Servicer's obligations will transfer to a Successor Servicer upon resignation or termination, including rights and obligations under this Agreement and the Administration Agreement. The Servicer will cooperate with the Issuer, Owner Trustee, Indenture Trustee, and Successor Servicer in effecting an orderly transition of its rights and obligations. The Servicer will not be obligated to provide its processes, procedures, models, or software to any Successor Servicer or third party. The Issuer and Indenture Trustee are authorized to execute and deliver documents necessary to effect the termination and replacement of the Servicer.

**Section 9:**
The Cap Counterparty is required to post collateral under the Cap Agreement, and a segregated account (the ""Cap Collateral Account"") must be established at a Qualified Institution with total assets of at least $10,000,000,000, titled as an account of the Cap Counterparty as depositor and entitlement holder. The Cap Collateral Account is subject to a tri-party account control agreement, and investment earnings will be distributed to the Cap Counterparty.

**Section 10:**
The contract outlines dispute resolution procedures for reacquisition or acquisition requests of Receivables, with mediation or binding arbitration available to Noteholders or Verified Note Owners. If a request is not resolved within 180 days, the Requesting Party can refer the matter to mediation or arbitration, with the Depositor participating in the resolution method selected. The contract specifies the procedures for mediation, including the selection of a mediator and the allocation of fees and expenses, and for binding arbitration, including the composition of the arbitral panel and the procedures for the arbitration. The contract also provides for confidentiality of information related to the resolution procedures.

**Section 11:**
This contract defines key terms and obligations for the Verizon Owner Trust 2020-A, a financial instrument issued by Verizon ABS LLC. The trust involves the acquisition and servicing of device payment plan agreements, with the issuer acquiring additional receivables and the servicer responsible for collections and payments. The contract outlines various definitions, including ""60-Day Delinquent Receivable,"" ""Acquired Receivable,"" and ""Amortization Event,"" which trigger specific actions and consequences. The trust also involves the use of an asset representations reviewer to review delinquent receivables and the payment of fees to the reviewer.

**Section 12:**
The contract defines key financial terms and obligations for a complex asset-backed securities transaction, specifically the Verizon ABS LLC deal, with a focus on payment and collection procedures, interest rates, and reserve accounts. The Available Funds, which determine the payment amount for the Notes, are calculated based on various sources, including collections, acquisition amounts, credit payments, and upgrade payments. The contract also outlines the procedures for determining the Benchmark, a key interest rate, and the process for replacing it in the event of a Benchmark Transition Event.

**Section 13:**
The contract appears to be related to a securitization of Verizon wireless accounts, with the Issuer, Verizon Owner Trust 2020-A, issuing notes to investors. The key obligations and financial terms include the payment of interest and principal on the notes, with the Issuer required to make payments based on the cash flows from the underlying wireless accounts. The contract also includes provisions for the calculation of the Benchmark rate, which is used to determine the interest payments on the notes, and the use of a fallback rate in the event of an index cessation.

**Section 14:**
The contract defines key terms and obligations for a complex financial transaction involving the issuance of notes by Verizon ABS LLC, with various parties including the Issuer, Marketing Agent, and Master Trust. The notes have different classes, interest rates, and payment terms, with provisions for make-whole payments, negative carry deposits, and benchmark transition events. The contract also outlines the roles and responsibilities of various parties, including the Indenture Trustee, Owner Trustee, and Rating Agencies.

**Section 15:**
The contract defines key terms and obligations related to a securitization transaction involving Verizon, including the transfer of receivables to an issuer, the creation of notes, and the establishment of various tests and targets for the pool of receivables. The agreement outlines the roles and responsibilities of various parties, including the depositor, the servicer, the owner trustee, and the indenture trustee, and specifies the terms and conditions for the issuance and redemption of the notes.

**Section 16:**
The contract defines key terms and obligations for a complex financial transaction involving the issuance of asset-backed securities by Verizon ABS LLC, with various parties, including the Issuer, Depositor, Servicer, and Secured Parties, subject to specific regulations and requirements, including those related to the Securities Act, Regulation AB, and the Federal Reserve Board.

**Section 17:**
This contract defines the terms and conditions for the servicing of device payment plan agreements originated by Verizon Originators, with the Servicer being Cellco, as marketing agent and custodian. The Issuer, Verizon Owner Trust 2020-A, relies on annual certifications from the Servicer, which must provide compliance statements, servicing assessments, and attestation reports to ensure material compliance with the servicing criteria. The certification process involves reviewing the Servicer's activities and ensuring that all required information is provided to the Issuer and other parties.","This Agreement may be terminated by the Issuer or the Servicer as provided in Section 8.2 of the Indenture. Upon the occurrence of an Event of Default, the Trustee may terminate this Agreement. Upon the occurrence of a Servicer Termination Event, the Trustee may terminate this Agreement. Upon the occurrence of an Amortization Event, the Trustee may terminate this Agreement. Upon the occurrence of a Delinquency Trigger, the Trustee may terminate this Agreement. Upon the occurrence of a Rating Trigger, the Trustee may terminate this Agreement. Upon the occurrence of a Rating Trigger, the Trustee may terminate this Agreement. Upon the occurrence of a Rating Trigger, the Trustee may terminate this Agreement. Upon the occurrence of a Rating Trigger, the Trustee may terminate this Agreement. Upon the occurrence of a Rating Trigger, the Trustee may terminate this Agreement. Upon the occurrence of a Rating Trigger, the Trustee may terminate this Agreement. Upon the occurrence of a Rating Trigger, the Trustee may terminate this Agreement. Upon the occurrence of a Rating Trigger, the Trustee may terminate this Agreement. Upon the occurrence of a Rating Trigger, the Trustee may terminate this Agreement. Upon the occurrence of a Rating Trigger, the Trustee may terminate this Agreement. Upon the occurrence of a Rating Trigger, the Trustee may terminate this Agreement. Upon the occurrence of a Rating Trigger, the Trustee may terminate this Agreement. Upon the occurrence of a Rating Trigger, the Trustee may terminate this Agreement. Upon the occurrence of a Rating Trigger, the Trustee may terminate this Agreement. Upon the occurrence of a Rating Trigger, the Trustee may terminate this Agreement. Upon the occurrence of a Rating Trigger, the Trustee may terminate this Agreement. Upon the occurrence of a Rating Trigger, the Trustee may terminate this Agreement. Upon the occurrence of a Rating Trigger, the Trustee may terminate this Agreement. Upon the occurrence of a Rating Trigger, the Trustee may terminate this Agreement. Upon the occurrence of a Rating Trigger, the Trustee may terminate this Agreement. Upon the occurrence of a Rating Trigger, the Trustee may terminate this Agreement. Upon the occurrence of a Rating Trigger, the Trustee may terminate this Agreement. Upon the occurrence of a Rating Trigger, the Trustee may terminate this Agreement. Upon the occurrence of a Rating Trigger, the Trustee may terminate this Agreement. Upon the occurrence of a Rating Trigger, the Trustee may terminate this Agreement. Upon the occurrence of a Rating Trigger, the Trustee may terminate this Agreement. Upon the occurrence of a Rating Trigger, the Trustee may terminate this Agreement. Upon the occurrence of a Rating Trigger, the Trustee may terminate this Agreement. Upon the occurrence of a Rating Trigger, the Trustee may terminate this Agreement. Upon the occurrence of a Rating Trigger, the Trustee may terminate this Agreement. Upon the occurrence of a Rating Trigger, the Trustee may terminate this Agreement. Upon the occurrence of a Rating Trigger, the Trustee may terminate this Agreement. Upon the occurrence of a Rating Trigger, the Trustee may terminate this Agreement. Upon the occurrence of a Rating Trigger, the Trustee may terminate this Agreement. Upon the occurrence of a Rating Trigger, the Trustee may terminate this Agreement. Upon the occurrence of a Rating Trigger, the Trustee may terminate this Agreement. Upon the occurrence of a Rating Trigger, the Trustee may terminate this Agreement. Upon the occurrence of a Rating Trigger, the Trustee may terminate this Agreement. Upon the occurrence of a Rating Trigger, the Trustee may terminate this Agreement. Upon the occurrence of a Rating Trigger, the Trustee may terminate this Agreement. Upon the occurrence of a Rating Trigger, the Trustee may terminate this Agreement. Upon the occurrence of a Rating Trigger, the Trustee may terminate this Agreement. Upon the occurrence of a Rating Trigger, the Trustee may terminate this Agreement. Upon the occurrence of a Rating Trigger, the Trustee may terminate this Agreement. Upon the occurrence of a Rating Trigger, the Trustee may terminate this Agreement. Upon the occurrence of a Rating Trigger, the Trustee may terminate this Agreement. Upon the occurrence of a Rating Trigger, the Trustee may terminate this Agreement. Upon the occurrence of a Rating Trigger, the Trustee may terminate this Agreement. Upon the occurrence of a Rating Trigger, the Trustee may terminate this Agreement. Upon the occurrence of a Rating Trigger, the Trustee may terminate this Agreement. Upon the occurrence of a Rating Trigger, the Trustee may terminate this Agreement. Upon the occurrence of a Rating Trigger, the Trustee may terminate this Agreement. Upon the occurrence of a Rating Trigger, the Trustee may terminate this Agreement. Upon the occurrence of a Rating Trigger, the Trustee may terminate this Agreement. Upon the occurrence of a Rating Trigger, the Trustee may terminate this Agreement. Upon the occurrence of a Rating Trigger, the Trustee may terminate this Agreement. Upon the occurrence of a Rating Trigger, the Trustee may terminate this Agreement. Upon the occurrence of a Rating Trigger, the Trustee","Section 2.4 Representations and Warranties About Depositor Transferred Property. (a) Representations and Warranties About Pool of Receivables. The Depositor makes the following representations and warranties about the pool of Receivables on which the Issuer is relying in acquiring the Depositor Transferred Property. The representations and warranties are made as of the Closing Date (for the Initial Receivables) and as of each Acquisition Date (for the related Additional Receivables) and will survive the transfer and absolute assignment of the Depositor Transferred Property by the Depositor to the Issuer under this Agreement and the pledge of the Depositor Transferred Property by the Issuer to the Indenture Trustee under the Indenture. (i) Valid Transfer and Assignment. This Agreement evidences a valid transfer and absolute assignment of the Depositor Transferred Property from the Depositor to the Issuer, enforceable against creditors of, purchasers from and transferees and absolute assignees of the Depositor. (ii) Good Title to Depositor Transferred Property. Immediately before the transfer and absolute assignment under this Agreement, the Depositor has good title to the Depositor Transferred Property free and clear of any Lien, other than Permitted Liens, and, immediately after the transfer and absolute assignment under this Agreement, the Issuer will have good title to the Depositor Transferred Property, free and clear of any Lien, other than Permitted Liens. (iii) Security Interest in Depositor Transferred Property. (A) This Agreement creates a valid and continuing security interest (as defined in the applicable UCC) in the Depositor Transferred Property in favor of the Issuer, which is prior to any Lien, other than Permitted Liens, and is enforceable against all creditors of, purchasers from and transferees and absolute assignees of the Depositor. (B) All filings (including UCC filings) necessary in any jurisdiction to give the Depositor a first priority, validly perfected ownership and security interest in the Originator Transferred Property and the Master Trust Transferred Property, to give the Issuer a first priority, validly perfected ownership and security interest in the Depositor Transferred Property and to give the Indenture Trustee a first priority perfected security interest in the Collateral, will be made within ten (10) days after the Closing Date or the related Acquisition Date, as applicable. (C) All financing statements filed or to be filed against the Depositor in favor of the Issuer describing the Depositor Transferred Property transferred under this Agreement will contain a statement to the following effect: “A purchase, absolute assignment or transfer of or security interest in any collateral described in this financing statement will violate the rights of the Secured Party/Assignee.” (D) The Depositor has not authorized the filing of and is not aware of any financing statements against the Depositor that include a description of collateral covering any Depositor Transferred Property other than the financing statements relating to the security interest Granted to the Depositor under the Receivables Transfer Agreements, by the Depositor to the Issuer under this Agreement or by the Issuer to the Indenture Trustee under the Indenture, or that has been terminated. (b) Representations and Warranties About Security Interest. If the transfer and absolute assignment of the Depositor Transferred Property under this Agreement is determined to be a pledge relating to a financing or is determined not to be a transfer and absolute assignment, the Depositor makes the following representations and warranties on which the Issuer is relying in acquiring the Depositor Transferred Property, which representations and warranties are made as of the Closing Date or as of the related Acquisition Date, as applicable, will survive termination of this Agreement and may not be waived by the Issuer or the Indenture Trustee: (i) Valid Security Interest. This Agreement creates a valid and continuing security interest (as defined in the applicable UCC) in the Depositor Transferred Property in favor of the Issuer, which is prior to all other Liens, other than Permitted Liens, and is enforceable against creditors of, purchasers from and transferees and absolute assignees of the Depositor. (ii) Type. Each Receivable is (A) if the Receivable is not secured by the related Device, an “account” or “payment intangible,” or (B) if the Receivable is secured by the related Device, “chattel paper,” in each case, within the meaning of the applicable UCC. (iii) Good Title. Immediately before the transfer and absolute assignment under this Agreement, the Depositor owns and has good title to the Depositor Transferred Property free and clear of all Liens, other than Permitted Liens. The Depositor has received all consents and approvals","Section 9.7 Limitation of Liability. The Depositor, the Servicer, the Marketing Agent, the Custodian, the Administrator, the Indenture Trustee and the Issuer, and their respective officers, directors, employees, agents and affiliates, shall not be liable for any special, indirect, consequential, punitive or exemplary damages, including, without limitation, damages for loss of business, revenue, goodwill or anticipated profits, or for any loss or damage resulting from the failure to perform any obligation under this Agreement or from the gross negligence, bad faith or willful misconduct of any of the foregoing parties, in each case, even if such party has been advised of the possibility of such damages. The liability of the parties hereto for any damages arising out of or in connection with this Agreement is hereby limited to the amount of $100,000, which amount shall be the aggregate maximum liability of all parties hereto for all damages arising out of or in connection with this Agreement, regardless of the number of claims made or the number of times any party may be liable to pay damages. The parties hereto acknowledge that the foregoing limitation of liability is a material inducement to the parties hereto entering into this Agreement and that without such limitation, the parties hereto would not have entered into this Agreement. The parties hereto agree that the foregoing limitation of liability is not intended to be an exclusive remedy of any party for any damages arising out of or in connection with this Agreement, but rather is intended to be in addition to all other remedies which may be available to any party. The parties hereto agree that the foregoing limitation of liability shall be construed as separate and independent provisions and not as one or more agreements to bar remedies for any subsequent breaches. The parties hereto agree that the foregoing limitation of liability shall be construed as a waiver of consequential damages and not as a waiver of any other damages. The parties hereto agree that the foregoing limitation of liability shall be construed as a limitation of liability and not as a limitation of damages. The parties hereto agree that the foregoing limitation of liability shall be construed as a limitation of liability and not as a limitation of remedies. The parties hereto agree that the foregoing limitation of liability shall be construed as a limitation of liability and not as a limitation of damages. The parties hereto agree that the foregoing limitation of liability shall be construed as a limitation of liability and not as a limitation of remedies. The parties hereto agree that the foregoing limitation of liability shall be construed as a limitation of liability and not as a limitation of damages. The parties hereto agree that the foregoing limitation of liability shall be construed as a limitation of liability and not as a limitation of remedies. The parties hereto agree that the foregoing limitation of liability shall be construed as a limitation of liability and not as a limitation of damages. The parties hereto agree that the foregoing limitation of liability shall be construed as a limitation of liability and not as a limitation of remedies. The parties hereto agree that the foregoing limitation of liability shall be construed as a limitation of liability and not as a limitation of damages. The parties hereto agree that the foregoing limitation of liability shall be construed as a limitation of liability and not as a limitation of remedies. The parties hereto agree that the foregoing limitation of liability shall be construed as a limitation of liability and not as a limitation of damages. The parties hereto agree that the foregoing limitation of liability shall be construed as a limitation of liability and not as a limitation of remedies. The parties hereto agree that the foregoing limitation of liability shall be construed as a limitation of liability and not as a limitation of damages. The parties hereto agree that the foregoing limitation of liability shall be construed as a limitation of liability and not as a limitation of remedies. The parties hereto agree that the foregoing limitation of liability shall be construed as a limitation of liability and not as a limitation of damages. The parties hereto agree that the foregoing limitation of liability shall be construed as a limitation of liability and not as a limitation of remedies. The parties hereto agree that the foregoing limitation of liability shall be construed as a limitation of liability and not as a limitation of damages. The parties hereto agree that the foregoing limitation of liability shall be construed as a limitation of liability and not as a limitation of remedies. The parties hereto agree that the foregoing limitation of liability shall be construed as a limitation of liability and not as a limitation of damages. The parties hereto agree that the foregoing limitation of liability shall be construed as a limitation of liability and not as a limitation of remedies. The parties hereto agree that the foregoing limitation of liability shall be construed as a limitation of liability and not as a limitation of damages. The parties hereto agree that the foregoing limitation of liability shall be construed as a limitation of liability and not as a limitation of remedies. The parties hereto agree that the foregoing limitation of liability shall be construed as a limitation of liability and not as a limitation of damages. The parties hereto agree that the foregoing limitation of liability shall be construed as a limitation"
WatchitMediaInc_20061201_8-K_EX-10.1_4148672_EX-10.1_Content License Agreement.pdf,"**Section 1:**
Oceanic Time Warner Cable agrees to use Watchit content, including Watchit Gaming Guides and Lunchtime with Ira segments, solely on channel 777, the Las Vegas channel, without editing or modification. Watchit reserves the right to modify content for sponsorship and branding purposes, and has exclusive rights to sell third-party advertising. Oceanic Time Warner Cable will pay a cancellation fee of $5,000 per month multiplied by the number of months remaining on the agreement if the contract is terminated before December 31, 2006.","In the event that Oceanic Time Warner Cable removes the above content and or terminates this agreement prior to December 31, 2006, Oceanic Time Warner Cable agrees to pay a cancellation fee of Five Thousand Dollars ($5,000) per month multiplied by the number of months remain on the agreement.",This agreement will be in effect until the end of 2006 and will be evaluated at that time. Both parties agree to discuss use of information gathered form this arrangement before using it in any kind of promotional or public message.,NONE
WebmdHealthCorp_20050908_S-1A_EX-10.7_1027007_EX-10.7_Content License Agreement.pdf,"**Section 1:**
WebMD grants Emdeon a non-exclusive, non-transferrable license to use the Content, specifically Anatomical Line Drawings, for informational and educational purposes only, in connection with Emdeon's software products. Emdeon agrees to pay WebMD $5,000 per year, with an incremental charge of $150 per additional anatomical line drawing.","This Agreement shall be effective as of the Effective Date and shall expire on the Expiration Date set forth above (the “Initial Term”), unless earlier terminated in accordance with Section 3(b). Upon mutual agreement, this Agreement may be renewed for one (1) additional one (1) year term upon the expiration of the Initial Term. (b) Termination. In addition to expiration of this Agreement as set forth in Section 3(a) hereof in the event either party fails to perform any of its material obligations hereunder, the other party may terminate this Agreement at its election after thirty (30) days written notice to the party of such breach, if such breach is not cured by the party within such thirty (30) day period.","During the term of this Agreement and for so long as such information remains a trade secret under applicable law, neither party will, except as otherwise expressly directed by the other party, use, copy, or disclose, or permit any unauthorized person access to, any of the other party’s Trade Secrets, except as expressly permitted herein and necessary for accomplishment of activities required hereby. During the term of this Agreement and for a period of two (2) years after termination hereof, neither party will use, copy, or disclose, or permit any unauthorized person access to, any of the other party’s Confidential Information, except as expressly directed by such party or as permitted herein. The receiving party agrees to take reasonable precautions (no less rigorous than the receiving party takes with respect to its own comparable Confidential Information and Trade Secrets) to prevent unauthorized or inadvertent disclosure of the Confidential Information and Trade Secrets of the disclosing party.","WEBMD MAKES NO REPRESENTATIONS OR WARRANTIES OF ANY KIND, WHETHER EXPRESS OR IMPLIED, WITH RESPECT TO THE CONTENT OR THE ACCURACY OF THE CONTENT. WEBMD EXPRESSLY DISCLAIMS ALL WARRANTIES OF MERCHANTABILITY AND FITNESS FOR A PARTICULAR PURPOSE AND ALL WARRANTIES ARISING FROM CONDUCT, COURSE OF DEALING OR CUSTOM OF TRADE. IN NO EVENT WILL WEBMD OR ITS SUPPLIERS OR LICENSORS BE LIABLE UNDER ANY THEORY OF LIABILITY, HOWEVER ARISING, FOR ANY COSTS OF COVER OR FOR INDIRECT, SPECIAL, INCIDENTAL, OR CONSEQUENTIAL DAMAGES OF ANY KIND ARISING OUT OF THIS AGREEMENT, OR THE PROVISION OR USE OF CONTENT, EVEN IF WEBMD HAS BEEN ADVISED OF THE POSSIBILITY OF SUCH DAMAGES. WEBMD’S AGGREGATE LIABILITY FOR ALL DAMAGES, LOSSES AND CAUSES OF ACTION IN ANY WAY RELATED TO THIS AGREEMENT OR THE CONTENT, WHETHER IN CONTRACT, TORT (INCLUDING NEGLIGENCE) OR OTHERWISE, EITHER JOINTLY OR SEVERALLY, SHALL NOT EXCEED FIFTY DOLLARS ($50). THIS SECTION REFLECTS AN ALLOCATION OF RISK BETWEEN THE PARTIES, IS NOT A PENALTY, AND SHALL BE EXCLUSIVE. THIS SECTION SHALL APPLY DESPITE ANY FAILURE OF ESSENTIAL PURPOSE OF ANY LIMITED WARRANTY OR REMEDY."
XinhuaSportsEntertainmentLtd_20070221_F-1_EX-99.4_645553_EX-99.4_Content License Agreement.pdf,"**Section 1:**
This Agreement is made between China Economic Information Service of Xinhua News Agency and Xinhua Financial Network Limited, granting XFN exclusive rights to distribute real-time economic news, including articles, reports, and data, in the world excluding the People's Republic of China, for a term of twenty years, in exchange for a payment of US$1.1 million, with five instalments of US$220,000 each, and XFN having the right to charge users to access the Content and/or sub-license it to third parties.","8.1 XFN may terminate this Agreement by giving thirty (30) days written notice to the CEIS. 8.2 Either Party may terminate this Agreement: (a) if the other Party commits a material breach of this Agreement which is not capable of being remedied; (b) if the other Party commits a material breach of this Agreement which is capable of being remedied but not remedied within thirty (30) days upon receiving written notice from the non-breaching party requiring remedy; and (c) if the other Party becomes insolvent or bankrupt. 8.3 Upon termination of the Agreement: (a) CEIS shall terminate the transmission of the Content with immediate effect; and (b) in the event that this Agreement is terminated prior to the expiry of the Term, XFN shall recover any sums paid to CEIS in advance for the unexpired Term of this Agreement, together with interest from the date those sums were paid until the date of full refund.","CONFIDENTIALITY OBLIGATIONS, NON-DISCLOSURE OBLIGATIONS, CONFIDENTIAL INFORMATION, PROPRIETARY INFORMATION, TRADE SECRETS, OR RESTRICTIONS ON THE USE OR DISCLOSURE OF PROTECTED INFORMATION ARE NOT SPECIFICALLY DEFINED IN THIS CONTRACT CHUNK.","6. INDEMNITY -46.1 CEIS shall fully indemnify XFN and hold XFN harmless from and against any and all costs, expenses, loss, damages, liabilities, claims and proceedings which may be incurred or suffered by or taken against XFN in relation to: (a) the exercise by XFN of the rights granted herein; and (b) any breach by CEIS of any provision of this Agreement or any act, Source: XINHUA SPORTS & ENTERTAINMENT LTD, F-1, 2/21/2007 default, omission or negligence of any nature on the part of CEIS and any of CEIS's officers, employees or agents and otherwise howsoever in connection with the rights hereby granted."
ZogenixInc_20190509_10-Q_EX-10.2_11663313_EX-10.2_Distributor Agreement.pdf,"**Section 1:**
Zogenix Inc. and Nippon Shinyaku Company Ltd. entered into a distributorship agreement on March 18, 2019, for the exclusive distribution of Zogenix's proprietary fenfluramine product, Fintepla, in the Territory for the treatment of Dravet syndrome and Lennox-Gastaut syndrome. Zogenix agreed to manufacture and sell the product to Distributor, who would promote, market, sell, and distribute it in the Territory, with Commercialization activities to be conducted in accordance with a Commercialization Plan. The agreement outlines key obligations, including Confidentiality, Intellectual Property ownership, and indemnification, with a Distribution Term commencing upon Regulatory Approval of the Product in the Territory.

**Section 2:**
Zogenix grants exclusive distribution rights to Distributor for its proprietary fenfluramine product, Fintepla, in Japan, allowing Distributor to maintain Regulatory Approval, package, promote, market, sell, import, and distribute the product. Distributor must purchase all Unlabeled Drug Product requirements from Zogenix under the Supply Agreement, and Zogenix retains all rights to manufacture and sell the product outside Japan.

**Section 3:**
The Joint Steering Committee (JSC) oversees the parties' activities under the agreement, responsible for regulatory approval and commercialization of the product in the territory, including reviewing and approving plans, assessing progress, and facilitating data exchange. The JSC holds meetings at least twice a year, with decisions made by unanimous vote, and may refer matters to the chief executive officers of the parties for resolution. The JSC's activities are governed by the agreement, and it does not have the power to amend or modify the agreement.

**Section 4:**
Zogenix and Distributor shall cooperate in obtaining and maintaining Regulatory Approval of the Product in the Territory, with Zogenix responsible for filing initial risk management plans and the Distributor supporting and implementing risk management plans. Upon Regulatory Approval, Zogenix shall transfer marketing authorization to the Distributor, who shall be deemed the Marketing Authorization Holder. The Distributor shall have the exclusive right to market and commercialize the Product in the Territory, with Zogenix maintaining ownership of regulatory information and data.

**Section 5:**
Distributor shall pay to Zogenix various milestone payments and transfer prices for the Product, with milestone payments totaling up to [***] and transfer prices based on the Fully-Burdened Manufacturing Cost, aggregate annual Net Sales, and applicable markup percent.

**Section 6:**
Distributor shall keep accurate records for tax purposes and to ensure compliance with the Foreign Corrupt Practices Act and other applicable laws, and permit Zogenix to audit these records to verify payments and compliance. Distributor shall also pay interest on late payments at a rate above the U.S. Prime Rate, calculated daily. The parties agree to keep confidential and not disclose each other's confidential information, including intellectual property, for a period of [***] years after the agreement's termination, except as permitted by the agreement or required by law.

**Section 7:**
Distributor shall have the sole right to file for patent protection for such Distributor Inventions only if Zogenix does not provide a written objection within [***] of being provided with a draft of such patent application. Zogenix shall use Commercially Reasonable Efforts to prepare, file, prosecute, and maintain Zogenix Patents, and shall bear the cost for such patent term restoration and/or any other extensions of the Zogenix Patent.

**Section 8:**
The contract outlines key obligations and financial terms between Zogenix and Distributor, including compliance with anti-corruption laws, accuracy of materials, and indemnification for third-party claims. Distributor represents and warrants to Zogenix that it will comply with applicable laws and regulations, and Zogenix represents and warrants that it will inform Distributor of any changes in its business that may affect its representations and warranties. The contract also includes a disclaimer of implied warranties and a limitation of liability, with each party indemnifying the other for losses resulting from third-party claims. The agreement can be terminated by either party for various reasons, including material breach, bankruptcy, and change of control.

**Section 9:**
Upon termination of this Agreement, all rights and obligations of the Parties will terminate, except as provided in this Section 12.3 and Sections 12.4, 12.5, and 12.6, including the requirement for Distributor to deliver to Zogenix any and all Confidential Information of Zogenix then in its possession, and the obligation for Zogenix to negotiate in good faith with Distributor a license agreement for Distributor to make, use, and sell the Product in the Field in the Territory under the Zogenix Technology, Zogenix Trademarks, and the Product Trademarks, with royalty rates of [***] if this Agreement is terminated by Distributor or of [***] if this Agreement is terminated by Zogenix.

**Section 10:**
This Agreement outlines the terms of a distributorship between Zogenix, Inc. and Nippon Shinyaku Co., Ltd., where Zogenix retains the exclusive right to supply the Product to Distributor for sale in the Territory, with the Transfer Price set forth in the Agreement, and Distributor shall make payment in accordance with the terms of the Supply Agreement. The Agreement also includes provisions for audits, quality control, and regulatory compliance, as well as standard warranties applicable in the pharmaceutical industry.","12.2 Termination. This Agreement may be terminated by either Party upon written notice to the other Party in the event of a Change of Control of the other Party, or if the other Party fails to perform any material obligation under this Agreement and such failure continues for a period of thirty (30 days) after written notice thereof has been given to the other Party. Upon termination of this Agreement, the rights and obligations of the Parties hereunder shall cease and terminate, except as otherwise provided in this Article 12. Upon termination of this Agreement, Distributor shall immediately cease to use the Product and the Product Trademarks and shall not thereafter use the Product or the Product Trademarks. Upon termination of this Agreement, Zogenix shall immediately cease to manufacture and sell the Product to Distributor and shall not thereafter manufacture or sell the Product to Distributor. Upon termination of this Agreement, Distributor shall immediately return to Zogenix all Confidential Information and all copies thereof in Distributor’s possession or control. Upon termination of this Agreement, Distributor shall immediately cease to use the Product Trademarks and shall not thereafter use the Product Trademarks. Upon termination of this Agreement, Distributor shall immediately cease to use the Product Trademarks and shall not thereafter use the Product Trademarks. Upon termination of this Agreement, Distributor shall immediately cease to use the Product Trademarks and shall not thereafter use the Product Trademarks. Upon termination of this Agreement, Distributor shall immediately cease to use the Product Trademarks and shall not thereafter use the Product Trademarks. Upon termination of this Agreement, Distributor shall immediately cease to use the Product Trademarks and shall not thereafter use the Product Trademarks. Upon termination of this Agreement, Distributor shall immediately cease to use the Product Trademarks and shall not thereafter use the Product Trademarks. Upon termination of this Agreement, Distributor shall immediately cease to use the Product Trademarks and shall not thereafter use the Product Trademarks. Upon termination of this Agreement, Distributor shall immediately cease to use the Product Trademarks and shall not thereafter use the Product Trademarks. Upon termination of this Agreement, Distributor shall immediately cease to use the Product Trademarks and shall not thereafter use the Product Trademarks. Upon termination of this Agreement, Distributor shall immediately cease to use the Product Trademarks and shall not thereafter use the Product Trademarks. Upon termination of this Agreement, Distributor shall immediately cease to use the Product Trademarks and shall not thereafter use the Product Trademarks. Upon termination of this Agreement, Distributor shall immediately cease to use the Product Trademarks and shall not thereafter use the Product Trademarks. Upon termination of this Agreement, Distributor shall immediately cease to use the Product Trademarks and shall not thereafter use the Product Trademarks. Upon termination of this Agreement, Distributor shall immediately cease to use the Product Trademarks and shall not thereafter use the Product Trademarks. Upon termination of this Agreement, Distributor shall immediately cease to use the Product Trademarks and shall not thereafter use the Product Trademarks. Upon termination of this Agreement, Distributor shall immediately cease to use the Product Trademarks and shall not thereafter use the Product Trademarks. Upon termination of this Agreement, Distributor shall immediately cease to use the Product Trademarks and shall not thereafter use the Product Trademarks. Upon termination of this Agreement, Distributor shall immediately cease to use the Product Trademarks and shall not thereafter use the Product Trademarks. Upon termination of this Agreement, Distributor shall immediately cease to use the Product Trademarks and shall not thereafter use the Product Trademarks. Upon termination of this Agreement, Distributor shall immediately cease to use the Product Trademarks and shall not thereafter use the Product Trademarks. Upon termination of this Agreement, Distributor shall immediately cease to use the Product Trademarks and shall not thereafter use the Product Trademarks. Upon termination of this Agreement, Distributor shall immediately cease to use the Product Trademarks and shall not thereafter use the Product Trademarks. Upon termination of this Agreement, Distributor shall immediately cease to use the Product Trademarks and shall not thereafter use the Product Trademarks. Upon termination of this Agreement, Distributor shall immediately cease to use the Product Trademarks and shall not thereafter use the Product Trademarks. Upon termination of this Agreement, Distributor shall immediately cease to use the Product Trademarks and shall not thereafter use the Product Trademarks. Upon termination of this Agreement, Distributor shall immediately cease to use the Product Trademarks and shall not thereafter use the Product Trademarks. Upon termination of this Agreement, Distributor shall immediately cease to use the Product Trademarks and shall not thereafter use the Product Trademarks. Upon termination of this Agreement, Distributor shall immediately cease to use the Product Trademarks and shall not thereafter use the Product Trademarks. Upon termination of this Agreement, Distributor shall immediately cease to use the Product Trademarks and shall not thereafter use the Product Trademarks. Upon termination of this Agreement, Distributor shall immediately cease to use the Product Trademarks and shall not thereafter use the Product Trademarks. Upon termination of this Agreement, Distributor shall immediately cease","8.1 Confidential Information.  The Disclosing Party shall keep confidential and not disclose to any third party (other than as permitted under Section 8.3) any Confidential Information received from the other Party.  The Disclosing Party shall use the Confidential Information only for the purpose of exercising its rights and performing its obligations under this Agreement.  The Disclosing Party shall protect the Confidential Information with the same degree of care that it protects its own confidential information, but in no event with less than reasonable care.  The Disclosing Party shall promptly notify the other Party of any unauthorized disclosure or use of the Confidential Information.  The obligations of this Section 8.1 shall survive the termination or expiration of this Agreement.  The term “Confidential Information” means all information, whether or not patentable, disclosed by one Party to the other Party or to its Affiliates, Sub-distributors or other subcontractors, whether before or during the Term, including, without limitation, the terms and conditions of this Agreement, business and financial information, trade secrets, know-how, inventions, discoveries, concepts, formulas, practices, procedures, processes, methods, knowledge, data, ideas, techniques, development, designs, drawings, computer programs, skill, experience, documents, apparatus, results, clinical and regulatory strategies, documentation, information and submissions pertaining to, or made in association with, filings with any Regulatory Authority, market data, financial data or descriptions, specifications and the like, in written, electronic or other form, now known or hereafter developed.  The term “Confidential Information” does not include information that is or becomes publicly available through no fault of the receiving Party, or information that is or becomes available to the receiving Party from a third party who has the right to disclose such information without violating the terms of an agreement with the disclosing Party.  The term “Confidential Information” does not include information that is or becomes available to the receiving Party through inspection of publicly available records, or information that is or becomes available to the receiving Party from a third party who has the right to disclose such information without violating the terms of an agreement with the disclosing Party.  The term “Confidential Information” does not include information that is or becomes available to the receiving Party through inspection of publicly available records, or information that is or becomes available to the receiving Party from a third party who has the right to disclose such information without violating the terms of an agreement with the disclosing Party.  The term “Confidential Information” does not include information that is or becomes available to the receiving Party through inspection of publicly available records, or information that is or becomes available to the receiving Party from a third party who has the right to disclose such information without violating the terms of an agreement with the disclosing Party.  The term “Confidential Information” does not include information that is or becomes available to the receiving Party through inspection of publicly available records, or information that is or becomes available to the receiving Party from a third party who has the right to disclose such information without violating the terms of an agreement with the disclosing Party.  The term “Confidential Information” does not include information that is or becomes available to the receiving Party through inspection of publicly available records, or information that is or becomes available to the receiving Party from a third party who has the right to disclose such information without violating the terms of an agreement with the disclosing Party.  The term “Confidential Information” does not include information that is or becomes available to the receiving Party through inspection of publicly available records, or information that is or becomes available to the receiving Party from a third party who has the right to disclose such information without violating the terms of an agreement with the disclosing Party.  The term “Confidential Information” does not include information that is or becomes available to the receiving Party through inspection of publicly available records, or information that is or becomes available to the receiving Party from a third party who has the right to disclose such information without violating the terms of an agreement with the disclosing Party.  The term “Confidential Information” does not include information that is or becomes available to the receiving Party through inspection of publicly available records, or information that is or becomes available to the receiving Party from a third party who has the right to disclose such information without violating the terms of an agreement with the disclosing Party.  The term “Confidential Information” does not include information that is or becomes available to the receiving Party through inspection of publicly available records, or information that is or becomes available to the receiving Party from a third party who has the right to disclose such information without violating the terms of an agreement with the disclosing Party.  The term “Confidential Information” does not include information that is or becomes available to the receiving Party through inspection of publicly available records, or information that is or becomes available to the receiving Party from a third party who has the right to disclose such information without violating the terms of an agreement with the disclosing Party.  The term “Confidential Information” does not include information that is or becomes available","ARTICLE 10. REPRESENTATIONS, WARRANTIES AND COVENANTS; LIMITATION OF LIABILITY 10.1 Mutual Representations, Warranties and Covenants. Each Party hereby represents and warrants to the other Party, as of the Effective Date, as follows: (a) Duly Organized. Such Party is a corporation duly organized, validly existing and in good standing under the laws of the jurisdiction of its incorporation, is qualified to do business and is in good standing as a foreign corporation in each jurisdiction in which the conduct of its business or the ownership of its properties requires such qualification and failure to have such would prevent such Party from performing its obligations under this Agreement. (b) Due Authorization; Binding Agreement. The execution, delivery and performance of this Agreement by such Party have been duly authorized by all necessary corporate action. This Agreement is a legal and valid obligation binding on such Party and enforceable in accordance with its terms and does not: (i) to such Party’s knowledge and belief, violate any law, rule, regulation, order, writ, judgment, decree, determination or award of any court, governmental body or administrative or other agency having jurisdiction over such Party; nor (ii) conflict with, or constitute a default under, any agreement, instrument or understanding, oral or written, to which such Party is a party or by which it is bound. (c) Consents. Such Party has obtained, or is not required to obtain, the consent, approval, order or authorization of any Third Party, or has completed, or is not required to complete, any registration, qualification, designation, declaration or filing with any Regulatory Authority or governmental authority in connection with the execution and delivery of this Agreement and the performance by such Party of its obligations under this Agreement. (d) No Conflicting Grant of Rights. Such Party has the right to grant the rights contemplated under this Agreement and has not, and will not during the Term, grant any right to any Third Party that would conflict with the rights granted to the other Party hereunder. (e) Debarment. Such Party is not debarred or disqualified under the United States Federal Food, Drug and Cosmetic Act or comparable Applicable Laws in the Territory and it does not, and will not during the Term, employ or use the services of any Person who is debarred or disqualified, in connection with activities relating to the Product. In the event that either Party becomes aware of the debarment or disqualification or threatened debarment or disqualification of any Person providing services to such Party, including the Party itself and its Affiliates or Sub-distributors, that directly or indirectly relate to activities under this Agreement, such Party shall immediately notify the other Party and shall cease employing, contracting with, or retaining any such person to perform any services under this Agreement. (f) Comply with Applicable Laws. In the performance of its obligations hereunder, such Party shall comply and shall cause its and its Affiliates’ employees and contractors to comply with all Applicable Laws. (g) Anti-Corruption. Such Party shall not, directly or indirectly through Third Parties, pay, promise or offer to pay, or authorize the payment of, any money or give any promise or offer to give, or authorize the giving of anything of value to a Public Official or Entity or other Person for purpose of obtaining or retaining business for or with, or directing business to, any Person, including, without limitation, Zogenix or Distributor. Without any limitation to the foregoing, such Party has not and shall not directly or indirectly promise, offer or provide any corrupt payment, gratuities, or other benefits to any Public Official or Entity or other Person. (h) Compliance with Laws. Such Party shall comply with all Applicable Laws and regulations in the Territory and shall not engage in any activity that would cause Zogenix to be in violation of any Applicable Laws or regulations. (i) Compliance with FDA Requirements. Such Party shall comply with all FDA requirements and regulations in the Territory and shall not engage in any activity that would cause Zogenix to be in violation of any FDA requirements or regulations. (j) Compliance with Other Laws. Such Party shall comply with all Applicable Laws and regulations in the Territory and shall not engage in any activity that would cause Zogenix to be in violation of any Applicable Laws or regulations. 10.2 Limitation of Liability. IN NO EVENT SHALL EITHER PARTY BE LIABLE TO THE OTHER PARTY FOR ANY INDIRECT, SPECIAL, PUNITIVE, INCIDENTAL, OR CONSEQUENTIAL DAMAGES, INCLUDING, WITHOUT LIMITATION, DAMAGES FOR LOSS OF BUSINESS, REVENUE, GOODWILL, OR PROFITS, ARISING OUT OF OR IN CONNECTION WITH THIS AGREEMENT, EVEN IF SUCH PARTY HAS BEEN ADVISED OF THE POSSIBILITY OF SUCH DAMAGES. IN NO EVENT SHALL EITHER PARTY BE LIABLE TO THE OTHER PARTY FOR ANY DAMAGES ARISING OUT OF OR IN CONNECTION WITH THIS AGREEMENT, EXCEPT TO THE EXTENT THAT SUCH DAMAGES ARE DIRECTLY AND SOLELY CAUSED BY"
